year,month,user_account_id,churn
2013,9,311971,1
2013,9,438494,1
2013,9,1037600,0
2013,9,946739,0
2013,9,423945,0
2013,9,399040,1
2013,9,1130503,0
2013,9,1145471,0
2013,9,6714,0
2013,9,1106796,1
2013,9,35337,0
2013,9,1036664,0
2013,9,18212,0
2013,9,935013,0
2013,9,19376,0
2013,9,438625,0
2013,9,1037842,0
2013,9,1107743,0
2013,9,332282,0
2013,9,31445,0
2013,9,315980,0
2013,9,1145564,0
2013,9,438521,0
2013,9,926801,0
2013,9,998244,0
2013,9,977512,0
2013,9,429009,0
2013,9,354961,0
2013,9,438347,0
2013,9,1153635,0
2013,9,319156,0
2013,9,379951,0
2013,9,1121536,0
2013,9,419822,0
2013,9,1145538,0
2013,9,407541,0
2013,9,418435,0
2013,9,432214,0
2013,9,422687,0
2013,9,46636,0
2013,9,32040,0
2013,9,70581,0
2013,9,1037686,0
2013,9,1106994,0
2013,9,370478,0
2013,9,647,0
2013,9,302991,0
2013,9,328587,0
2013,9,929714,0
2013,9,210412,0
2013,9,1123779,0
2013,9,306637,0
2013,9,2343,0
2013,9,224186,0
2013,9,188020,0
2013,9,190084,0
2013,9,370718,1
2013,9,180819,0
2013,9,97724,0
2013,9,215963,0
2013,9,196760,0
2013,9,351934,0
2013,9,315137,0
2013,9,396895,0
2013,9,33714,0
2013,9,332346,0
2013,9,380191,0
2013,9,942090,0
2013,9,929201,0
2013,9,306079,0
2013,9,394763,0
2013,9,1037355,1
2013,9,375985,0
2013,9,415347,0
2013,9,339650,0
2013,9,302552,0
2013,9,326521,0
2013,9,319985,1
2013,9,289502,0
2013,9,354722,0
2013,9,414930,0
2013,9,397701,0
2013,9,382774,0
2013,9,92306,0
2013,9,11459,0
2013,9,389386,0
2013,9,113405,0
2013,9,1038048,0
2013,9,302926,0
2013,9,1099302,0
2013,9,407748,0
2013,9,332342,0
2013,9,345384,0
2013,9,339194,0
2013,9,89247,0
2013,9,59862,0
2013,9,339609,0
2013,9,412987,0
2013,9,303254,0
2013,9,438553,0
2013,9,941811,0
2013,9,355057,0
2013,9,377888,0
2013,9,42991,1
2013,9,12268,0
2013,9,395203,1
2013,9,1099970,0
2013,9,392825,0
2013,9,100831,0
2013,9,366677,0
2013,9,996862,0
2013,9,368732,0
2013,9,21054,0
2013,9,181731,0
2013,9,332744,0
2013,9,408640,0
2013,9,371446,0
2013,9,211769,0
2013,9,1038030,0
2013,9,358152,0
2013,9,1037517,0
2013,9,330900,0
2013,9,984483,0
2013,9,187790,0
2013,9,103733,0
2013,9,339579,0
2013,9,343001,0
2013,9,146719,0
2013,9,417536,0
2013,9,284691,0
2013,9,332274,0
2013,9,931118,0
2013,9,933485,0
2013,9,1041639,0
2013,9,332719,0
2013,9,308564,0
2013,9,268855,1
2013,9,407314,0
2013,9,103141,0
2013,9,181841,0
2013,9,407240,0
2013,9,336319,0
2013,9,394887,0
2013,9,310289,0
2013,9,306596,0
2013,9,303289,0
2013,9,426274,0
2013,9,375387,0
2013,9,279013,0
2013,9,286049,0
2013,9,68438,0
2013,9,339799,0
2013,9,342983,0
2013,9,284001,1
2013,9,268861,0
2013,9,168582,0
2013,9,294254,0
2013,9,2656,0
2013,9,314305,0
2013,9,408343,0
2013,9,170333,0
2013,9,302791,0
2013,9,332738,0
2013,9,925972,0
2013,9,1126968,0
2013,9,371221,0
2013,9,1121955,1
2013,9,16384,0
2013,9,1103707,0
2013,9,407948,0
2013,9,107542,0
2013,9,344371,0
2013,9,29188,0
2013,9,949150,0
2013,9,412522,0
2013,9,350830,0
2013,9,364400,0
2013,9,26231,0
2013,9,365958,0
2013,9,289409,0
2013,9,15053,0
2013,9,941500,0
2013,9,389434,0
2013,9,320268,0
2013,9,432509,0
2013,9,306016,0
2013,9,433607,1
2013,9,19778,0
2013,9,396003,0
2013,9,299613,0
2013,9,95615,0
2013,9,157991,0
2013,9,371239,0
2013,9,89436,0
2013,9,941283,0
2013,9,212437,0
2013,9,48237,0
2013,9,1195092,0
2013,9,141756,0
2013,9,1121463,0
2013,9,59334,0
2013,9,408279,0
2013,9,3854,0
2013,9,1106736,0
2013,9,94361,0
2013,9,376500,0
2013,9,213443,0
2013,9,403857,0
2013,9,1038153,0
2013,9,251349,0
2013,9,68784,0
2013,9,84998,0
2013,9,406992,0
2013,9,359717,0
2013,9,215934,0
2013,9,417210,0
2013,9,138389,0
2013,9,355433,0
2013,9,117004,0
2013,9,399085,0
2013,9,362791,0
2013,9,407390,0
2013,9,401753,0
2013,9,203981,0
2013,9,205303,0
2013,9,338968,1
2013,9,17757,0
2013,9,166694,0
2013,9,1147997,0
2013,9,289208,0
2013,9,407225,0
2013,9,289179,0
2013,9,332780,0
2013,9,355503,0
2013,9,392758,0
2013,9,106227,0
2013,9,941708,0
2013,9,929985,0
2013,9,104366,0
2013,9,113708,0
2013,9,19913,0
2013,9,1145886,0
2013,9,205385,0
2013,9,388047,1
2013,9,313113,0
2013,9,85291,0
2013,9,343121,0
2013,9,930997,0
2013,9,97130,0
2013,9,417490,0
2013,9,925554,0
2013,9,93094,0
2013,9,337781,0
2013,9,941824,0
2013,9,323164,0
2013,9,39343,0
2013,9,289159,0
2013,9,348954,0
2013,9,1037125,0
2013,9,941513,0
2013,9,358694,0
2013,9,18069,0
2013,9,1152617,0
2013,9,945307,0
2013,9,306512,0
2013,9,362737,0
2013,9,11654,0
2013,9,94156,0
2013,9,306916,0
2013,9,333697,0
2013,9,426597,0
2013,9,997000,0
2013,9,130165,0
2013,9,9976,0
2013,9,1151206,0
2013,9,361769,0
2013,9,92358,0
2013,9,407561,0
2013,9,326217,0
2013,9,333022,0
2013,9,931802,0
2013,9,99877,0
2013,9,187199,0
2013,9,36707,0
2013,9,1150018,0
2013,9,184302,0
2013,9,302479,0
2013,9,318156,0
2013,9,333086,0
2013,9,279045,0
2013,9,41235,0
2013,9,16186,0
2013,9,303337,0
2013,9,297549,0
2013,9,347749,0
2013,9,1036586,0
2013,9,363553,0
2013,9,401927,0
2013,9,38583,0
2013,9,38034,0
2013,9,268849,0
2013,9,302403,0
2013,9,302484,0
2013,9,306105,0
2013,9,349091,0
2013,9,368360,0
2013,9,941753,0
2013,9,332660,0
2013,9,213469,0
2013,9,170936,0
2013,9,1121498,0
2013,9,279117,0
2013,9,449146,0
2013,9,16047,0
2013,9,11807,0
2013,9,107551,0
2013,9,1125245,0
2013,9,342543,1
2013,9,374440,0
2013,9,946801,0
2013,9,332534,0
2013,9,268666,0
2013,9,90880,0
2013,9,345540,1
2013,9,382700,0
2013,9,947079,0
2013,9,306152,0
2013,9,941609,0
2013,9,337793,0
2013,9,167529,0
2013,9,399132,0
2013,9,438890,0
2013,9,408304,0
2013,9,332712,0
2013,9,382562,0
2013,9,349482,0
2013,9,177125,0
2013,9,177291,0
2013,9,446610,0
2013,9,311223,0
2013,9,393474,0
2013,9,268852,0
2013,9,406880,0
2013,9,36904,0
2013,9,27905,0
2013,9,438547,0
2013,9,332714,0
2013,9,377873,0
2013,9,268829,0
2013,9,170061,0
2013,9,950907,0
2013,9,312491,0
2013,9,1150354,0
2013,9,332383,0
2013,9,268875,0
2013,9,404558,0
2013,9,451739,0
2013,9,448699,0
2013,9,410354,0
2013,9,362767,0
2013,9,408348,0
2013,9,127328,0
2013,9,213345,0
2013,9,996650,0
2013,9,314399,0
2013,9,400520,0
2013,9,1037351,0
2013,9,373926,0
2013,9,306271,0
2013,9,420623,0
2013,9,345840,0
2013,9,411298,1
2013,9,7282,0
2013,9,365715,0
2013,9,401707,0
2013,9,306964,0
2013,9,334826,0
2013,9,299966,0
2013,9,299933,0
2013,9,209177,0
2013,9,369037,0
2013,9,374042,0
2013,9,302889,0
2013,9,417521,0
2013,9,1128107,0
2013,9,171538,0
2013,9,179260,0
2013,9,4746,0
2013,9,1161801,1
2013,9,100061,0
2013,9,378094,0
2013,9,438814,0
2013,9,101449,0
2013,9,1038082,0
2013,9,34994,0
2013,9,414764,0
2013,9,55285,0
2013,9,146257,0
2013,9,408445,0
2013,9,347912,0
2013,9,56267,0
2013,9,96337,0
2013,9,144672,0
2013,9,302938,0
2013,9,86558,0
2013,9,36461,0
2013,9,401112,0
2013,9,169550,0
2013,9,289460,0
2013,9,375303,0
2013,9,403658,0
2013,9,947300,0
2013,9,996178,0
2013,9,126063,0
2013,9,3997,0
2013,9,10013,0
2013,9,296,0
2013,9,40494,0
2013,9,948327,0
2013,9,418196,0
2013,9,91531,0
2013,9,139936,0
2013,9,408709,0
2013,9,345452,0
2013,9,391458,0
2013,9,429444,0
2013,9,438363,0
2013,9,944598,0
2013,9,30724,0
2013,9,178615,0
2013,9,1167789,0
2013,9,97699,0
2013,9,343982,0
2013,9,345376,0
2013,9,208752,0
2013,9,307996,0
2013,9,385070,0
2013,9,339750,0
2013,9,318667,1
2013,9,949815,0
2013,9,339331,0
2013,9,394268,0
2013,9,338270,0
2013,9,932056,0
2013,9,310446,0
2013,9,341899,0
2013,9,302452,0
2013,9,994831,0
2013,9,684,0
2013,9,45838,0
2013,9,443735,0
2013,9,933072,0
2013,9,357642,0
2013,9,89708,0
2013,9,289448,0
2013,9,1151704,0
2013,9,362697,0
2013,9,7827,0
2013,9,943488,0
2013,9,302690,0
2013,9,145612,0
2013,9,1037505,0
2013,9,321812,0
2013,9,95261,0
2013,9,306576,0
2013,9,92766,0
2013,9,1037398,0
2013,9,90368,0
2013,9,1107061,0
2013,9,1522,0
2013,9,105445,0
2013,9,407546,0
2013,9,1195222,0
2013,9,985037,0
2013,9,328832,0
2013,9,306154,1
2013,9,86357,0
2013,9,306049,0
2013,9,326051,0
2013,9,997586,0
2013,9,299746,0
2013,9,449382,0
2013,9,142251,0
2013,9,339389,0
2013,9,941259,0
2013,9,215986,0
2013,9,448729,0
2013,9,332474,0
2013,9,23439,0
2013,9,408377,0
2013,9,315663,0
2013,9,990153,0
2013,9,209883,0
2013,9,306047,0
2013,9,18637,0
2013,9,404457,0
2013,9,302684,0
2013,9,1128438,0
2013,9,933540,0
2013,9,6370,0
2013,9,341957,0
2013,9,80305,0
2013,9,423409,0
2013,9,389008,0
2013,9,102080,0
2013,9,213545,0
2013,9,342920,0
2013,9,40752,0
2013,9,114100,0
2013,9,106864,0
2013,9,336423,0
2013,9,450493,0
2013,9,20845,0
2013,9,20834,0
2013,9,20824,1
2013,9,20758,0
2013,9,20729,0
2013,9,20588,0
2013,9,20405,1
2013,9,11034,0
2013,9,374018,0
2013,9,1154617,0
2013,9,1154599,1
2013,9,439328,1
2013,9,10957,0
2013,9,1154575,1
2013,9,10949,0
2013,9,935315,0
2013,9,1154547,0
2013,9,236920,0
2013,9,978525,0
2013,9,1154463,0
2013,9,1154461,0
2013,9,20131,0
2013,9,20055,0
2013,9,20044,0
2013,9,978465,0
2013,9,19782,0
2013,9,19750,0
2013,9,19644,0
2013,9,19530,0
2013,9,19424,0
2013,9,935208,0
2013,9,935203,0
2013,9,935199,0
2013,9,978452,1
2013,9,978438,1
2013,9,1154333,0
2013,9,1154328,1
2013,9,935153,0
2013,9,978375,0
2013,9,1154302,0
2013,9,935121,0
2013,9,978348,1
2013,9,978338,0
2013,9,935103,0
2013,9,9257,0
2013,9,1154214,1
2013,9,1154204,0
2013,9,935074,0
2013,9,1154197,1
2013,9,10657,0
2013,9,1154178,0
2013,9,439046,0
2013,9,935031,0
2013,9,935029,0
2013,9,1154114,0
2013,9,438983,1
2013,9,978214,1
2013,9,934958,0
2013,9,334781,0
2013,9,10509,1
2013,9,10354,0
2013,9,237370,0
2013,9,19388,0
2013,9,19355,0
2013,9,978047,0
2013,9,19112,0
2013,9,19002,0
2013,9,18981,0
2013,9,18673,0
2013,9,18579,1
2013,9,18565,0
2013,9,18468,0
2013,9,18213,0
2013,9,18096,0
2013,9,18076,0
2013,9,18050,0
2013,9,934814,0
2013,9,934813,0
2013,9,978023,0
2013,9,10221,0
2013,9,10198,0
2013,9,237429,0
2013,9,10140,0
2013,9,10115,0
2013,9,10095,0
2013,9,9995,0
2013,9,977975,0
2013,9,9924,1
2013,9,934754,1
2013,9,1153789,0
2013,9,1153756,0
2013,9,934666,1
2013,9,931249,0
2013,9,1153710,1
2013,9,1153677,0
2013,9,941572,0
2013,9,1153600,1
2013,9,977807,0
2013,9,274301,0
2013,9,934554,0
2013,9,1153521,1
2013,9,232438,0
2013,9,934526,0
2013,9,1153487,0
2013,9,977724,0
2013,9,1153449,0
2013,9,934473,0
2013,9,48937,0
2013,9,1153328,0
2013,9,977608,1
2013,9,934353,1
2013,9,934336,0
2013,9,373880,0
2013,9,934328,1
2013,9,438330,0
2013,9,977449,0
2013,9,1153019,1
2013,9,934152,0
2013,9,333191,0
2013,9,934144,0
2013,9,438223,0
2013,9,1152973,0
2013,9,934128,1
2013,9,934095,0
2013,9,356314,0
2013,9,9691,0
2013,9,17882,0
2013,9,17604,0
2013,9,17583,0
2013,9,17523,0
2013,9,17307,0
2013,9,17268,1
2013,9,17243,0
2013,9,17182,0
2013,9,16970,0
2013,9,16916,0
2013,9,16780,0
2013,9,16646,0
2013,9,16616,0
2013,9,16464,0
2013,9,16406,0
2013,9,16283,0
2013,9,16258,0
2013,9,16168,0
2013,9,16128,0
2013,9,51493,0
2013,9,51829,0
2013,9,48770,0
2013,9,1152858,0
2013,9,239213,0
2013,9,977188,0
2013,9,1133516,0
2013,9,1142450,1
2013,9,437998,0
2013,9,234703,1
2013,9,234720,0
2013,9,933846,1
2013,9,232654,0
2013,9,977112,0
2013,9,9588,0
2013,9,164709,0
2013,9,235648,0
2013,9,237737,0
2013,9,242526,0
2013,9,933695,0
2013,9,242533,0
2013,9,9484,0
2013,9,9429,0
2013,9,9365,0
2013,9,976960,1
2013,9,239315,0
2013,9,239410,0
2013,9,9288,0
2013,9,241100,0
2013,9,976888,0
2013,9,437741,0
2013,9,933568,1
2013,9,976863,0
2013,9,933556,0
2013,9,437703,0
2013,9,933522,0
2013,9,933492,0
2013,9,15934,0
2013,9,15910,0
2013,9,15900,0
2013,9,15790,0
2013,9,15774,0
2013,9,15568,0
2013,9,15407,0
2013,9,15297,0
2013,9,15098,0
2013,9,14972,0
2013,9,14316,0
2013,9,999179,0
2013,9,933430,0
2013,9,43808,0
2013,9,933400,0
2013,9,999098,1
2013,9,999085,0
2013,9,373862,1
2013,9,999069,0
2013,9,999068,1
2013,9,43758,0
2013,9,999032,0
2013,9,164938,0
2013,9,933244,0
2013,9,998968,0
2013,9,933180,0
2013,9,998886,0
2013,9,271168,0
2013,9,933062,0
2013,9,933024,0
2013,9,230780,0
2013,9,998731,0
2013,9,932929,0
2013,9,998607,0
2013,9,998604,0
2013,9,998568,0
2013,9,436954,1
2013,9,436918,1
2013,9,998487,0
2013,9,436873,1
2013,9,932718,0
2013,9,998394,0
2013,9,932657,0
2013,9,932649,1
2013,9,932637,0
2013,9,998317,0
2013,9,998205,0
2013,9,932474,1
2013,9,998153,0
2013,9,998151,0
2013,9,932352,0
2013,9,932303,0
2013,9,998016,0
2013,9,998007,0
2013,9,436427,0
2013,9,997975,0
2013,9,997911,1
2013,9,50814,0
2013,9,50903,0
2013,9,51102,0
2013,9,997825,0
2013,9,242775,0
2013,9,269717,0
2013,9,14193,0
2013,9,165060,0
2013,9,13786,0
2013,9,13629,1
2013,9,132260,0
2013,9,13114,1
2013,9,12981,0
2013,9,12730,0
2013,9,12679,1
2013,9,12674,0
2013,9,12637,1
2013,9,12569,0
2013,9,12427,0
2013,9,12405,0
2013,9,12201,0
2013,9,12113,0
2013,9,12058,0
2013,9,12023,0
2013,9,12000,0
2013,9,11967,0
2013,9,11965,1
2013,9,11947,0
2013,9,11897,0
2013,9,11823,0
2013,9,11819,0
2013,9,11797,1
2013,9,11774,0
2013,9,11692,0
2013,9,11662,0
2013,9,11381,0
2013,9,11166,0
2013,9,11039,0
2013,9,436170,0
2013,9,997730,0
2013,9,997715,0
2013,9,1040160,0
2013,9,931971,1
2013,9,931948,0
2013,9,931907,0
2013,9,931879,0
2013,9,997559,0
2013,9,997542,0
2013,9,213000,0
2013,9,997536,0
2013,9,52480,0
2013,9,931785,0
2013,9,997441,0
2013,9,997415,0
2013,9,931708,0
2013,9,931700,0
2013,9,997310,0
2013,9,242101,0
2013,9,242164,0
2013,9,997146,0
2013,9,931474,0
2013,9,332429,0
2013,9,931418,0
2013,9,931417,1
2013,9,8994,0
2013,9,997036,0
2013,9,931375,0
2013,9,8948,0
2013,9,8930,0
2013,9,8907,0
2013,9,8860,0
2013,9,931318,0
2013,9,8676,0
2013,9,8639,0
2013,9,8591,0
2013,9,931296,0
2013,9,8462,0
2013,9,8417,0
2013,9,435388,0
2013,9,8230,0
2013,9,8222,0
2013,9,8148,0
2013,9,435371,0
2013,9,8093,0
2013,9,42688,1
2013,9,996900,1
2013,9,42611,0
2013,9,435361,0
2013,9,42523,0
2013,9,996887,0
2013,9,7852,0
2013,9,7771,0
2013,9,996882,0
2013,9,42296,0
2013,9,42248,0
2013,9,7610,0
2013,9,996849,0
2013,9,42022,0
2013,9,7481,0
2013,9,7468,0
2013,9,7453,0
2013,9,41857,1
2013,9,41770,0
2013,9,931154,0
2013,9,41707,0
2013,9,41568,1
2013,9,7187,1
2013,9,435272,0
2013,9,41441,0
2013,9,931142,0
2013,9,7007,0
2013,9,41397,0
2013,9,41359,0
2013,9,6911,0
2013,9,6901,0
2013,9,41025,0
2013,9,6597,0
2013,9,40963,0
2013,9,6533,1
2013,9,40848,0
2013,9,40819,0
2013,9,40779,0
2013,9,6392,0
2013,9,6385,1
2013,9,1142135,0
2013,9,6318,0
2013,9,40712,0
2013,9,6278,0
2013,9,40669,1
2013,9,40647,0
2013,9,40524,1
2013,9,6102,0
2013,9,40085,0
2013,9,931064,0
2013,9,5664,0
2013,9,931027,0
2013,9,5483,0
2013,9,930996,1
2013,9,435102,0
2013,9,930920,1
2013,9,435037,0
2013,9,996587,0
2013,9,996553,0
2013,9,269496,0
2013,9,996498,0
2013,9,996486,0
2013,9,996473,0
2013,9,434944,0
2013,9,5455,0
2013,9,5439,0
2013,9,434828,1
2013,9,930712,0
2013,9,996259,0
2013,9,996258,0
2013,9,930672,0
2013,9,434773,0
2013,9,996219,0
2013,9,434748,0
2013,9,996197,0
2013,9,996175,0
2013,9,434731,0
2013,9,996152,1
2013,9,434720,0
2013,9,996147,0
2013,9,930570,0
2013,9,434650,1
2013,9,434637,0
2013,9,996009,0
2013,9,995992,0
2013,9,995991,0
2013,9,930459,0
2013,9,995918,1
2013,9,438401,0
2013,9,930450,0
2013,9,930408,0
2013,9,230752,0
2013,9,930387,0
2013,9,5220,0
2013,9,5201,0
2013,9,995832,0
2013,9,930359,1
2013,9,995769,0
2013,9,1158546,1
2013,9,4910,0
2013,9,930283,0
2013,9,1158454,0
2013,9,1158309,1
2013,9,1158282,0
2013,9,1158280,1
2013,9,1158269,1
2013,9,1158248,1
2013,9,995695,0
2013,9,995689,0
2013,9,242228,0
2013,9,930202,0
2013,9,995673,0
2013,9,930200,0
2013,9,434275,1
2013,9,242262,0
2013,9,995659,1
2013,9,930176,0
2013,9,4606,0
2013,9,930117,0
2013,9,995592,1
2013,9,1158045,0
2013,9,1158023,1
2013,9,1157959,0
2013,9,434164,1
2013,9,4440,0
2013,9,4342,0
2013,9,4309,0
2013,9,4234,0
2013,9,4203,1
2013,9,4107,0
2013,9,4106,1
2013,9,1157868,1
2013,9,4010,0
2013,9,1157837,1
2013,9,930035,0
2013,9,930034,0
2013,9,3885,0
2013,9,3810,0
2013,9,3771,1
2013,9,3488,0
2013,9,33337,0
2013,9,995478,0
2013,9,434072,1
2013,9,1157682,0
2013,9,929940,0
2013,9,929903,0
2013,9,995410,0
2013,9,3209,0
2013,9,433990,1
2013,9,929870,0
2013,9,929844,1
2013,9,1157552,0
2013,9,1157516,1
2013,9,1157515,0
2013,9,433939,0
2013,9,1157450,0
2013,9,48318,0
2013,9,2697,0
2013,9,929699,0
2013,9,1157323,0
2013,9,1157308,0
2013,9,995197,0
2013,9,315428,0
2013,9,1157282,0
2013,9,1157278,0
2013,9,1157241,0
2013,9,929663,1
2013,9,2553,0
2013,9,2453,0
2013,9,1157172,0
2013,9,1157166,0
2013,9,433715,0
2013,9,48157,1
2013,9,1157085,1
2013,9,1157060,0
2013,9,929522,0
2013,9,995010,0
2013,9,1156955,1
2013,9,2122,0
2013,9,994992,1
2013,9,2104,0
2013,9,1156916,0
2013,9,2034,0
2013,9,322933,0
2013,9,333477,0
2013,9,929407,0
2013,9,1106058,0
2013,9,433466,0
2013,9,433458,1
2013,9,1769,0
2013,9,232883,0
2013,9,1156688,0
2013,9,47949,0
2013,9,1711,0
2013,9,433416,0
2013,9,1648,0
2013,9,20836,0
2013,9,929263,0
2013,9,233009,0
2013,9,1156458,0
2013,9,929232,0
2013,9,929218,0
2013,9,433305,0
2013,9,1448,0
2013,9,994692,0
2013,9,1156411,0
2013,9,1399,1
2013,9,929203,0
2013,9,1359,0
2013,9,243178,0
2013,9,1304,0
2013,9,1156277,0
2013,9,929112,1
2013,9,994556,0
2013,9,994531,0
2013,9,929061,0
2013,9,994495,0
2013,9,984,1
2013,9,1156060,1
2013,9,433045,0
2013,9,928977,0
2013,9,433034,0
2013,9,866,0
2013,9,994409,0
2013,9,1155984,0
2013,9,1155961,0
2013,9,432995,0
2013,9,432970,0
2013,9,1155926,0
2013,9,928887,1
2013,9,567,0
2013,9,549,1
2013,9,510,0
2013,9,485,0
2013,9,47377,0
2013,9,432,0
2013,9,416,0
2013,9,47333,0
2013,9,432893,1
2013,9,47243,1
2013,9,255,0
2013,9,224,0
2013,9,1155739,1
2013,9,928809,1
2013,9,1107429,0
2013,9,125,0
2013,9,997845,0
2013,9,80,0
2013,9,69,1
2013,9,351163,0
2013,9,432823,0
2013,9,46773,0
2013,9,432800,0
2013,9,994247,0
2013,9,354137,0
2013,9,46652,0
2013,9,994212,0
2013,9,1155609,0
2013,9,1155592,0
2013,9,233295,0
2013,9,46440,1
2013,9,46412,0
2013,9,46372,0
2013,9,928632,0
2013,9,994142,0
2013,9,46142,1
2013,9,46069,0
2013,9,928565,0
2013,9,45964,0
2013,9,45923,0
2013,9,45768,0
2013,9,45709,0
2013,9,45691,0
2013,9,45641,1
2013,9,45638,1
2013,9,45634,0
2013,9,354149,0
2013,9,1155379,0
2013,9,45596,0
2013,9,1155361,0
2013,9,928460,1
2013,9,993989,0
2013,9,993970,0
2013,9,45187,0
2013,9,233405,0
2013,9,928422,0
2013,9,45147,0
2013,9,44421,0
2013,9,993898,1
2013,9,993895,1
2013,9,993889,0
2013,9,432405,1
2013,9,1155177,0
2013,9,928313,0
2013,9,928284,0
2013,9,432354,0
2013,9,442349,0
2013,9,928247,1
2013,9,993821,0
2013,9,43959,0
2013,9,43881,1
2013,9,1155095,0
2013,9,442307,0
2013,9,43812,0
2013,9,1155082,1
2013,9,1155062,0
2013,9,43511,1
2013,9,1155015,1
2013,9,928131,0
2013,9,928103,0
2013,9,269179,0
2013,9,442096,0
2013,9,442094,0
2013,9,239138,0
2013,9,993580,1
2013,9,241287,0
2013,9,993517,1
2013,9,1154873,1
2013,9,442013,0
2013,9,993475,1
2013,9,441987,0
2013,9,927814,0
2013,9,927808,1
2013,9,441939,0
2013,9,993330,1
2013,9,40036,0
2013,9,1154781,0
2013,9,39906,0
2013,9,354193,0
2013,9,927665,1
2013,9,993276,0
2013,9,993272,0
2013,9,39741,0
2013,9,927599,0
2013,9,993193,0
2013,9,39523,0
2013,9,993179,0
2013,9,441668,0
2013,9,927491,0
2013,9,993106,1
2013,9,441615,0
2013,9,993096,0
2013,9,993094,0
2013,9,274440,0
2013,9,133179,0
2013,9,927379,1
2013,9,441532,0
2013,9,236338,0
2013,9,927341,0
2013,9,236421,0
2013,9,236555,0
2013,9,992902,0
2013,9,992900,0
2013,9,927212,1
2013,9,992758,0
2013,9,131873,0
2013,9,441225,0
2013,9,441210,0
2013,9,927019,1
2013,9,441139,0
2013,9,441123,0
2013,9,1160594,0
2013,9,162531,0
2013,9,992517,0
2013,9,1160541,0
2013,9,44834,0
2013,9,44815,1
2013,9,44799,0
2013,9,440941,1
2013,9,44615,1
2013,9,440905,0
2013,9,44557,0
2013,9,992364,1
2013,9,1160411,1
2013,9,1160407,0
2013,9,440800,0
2013,9,440788,1
2013,9,440786,0
2013,9,926655,1
2013,9,440775,0
2013,9,1160337,0
2013,9,235169,0
2013,9,440768,0
2013,9,354510,0
2013,9,1160320,0
2013,9,1160317,0
2013,9,1160312,1
2013,9,992239,1
2013,9,1160292,0
2013,9,235477,0
2013,9,133826,0
2013,9,237951,0
2013,9,133629,0
2013,9,992175,0
2013,9,268907,0
2013,9,238119,0
2013,9,238142,0
2013,9,93930,0
2013,9,1160223,1
2013,9,992125,0
2013,9,1160212,1
2013,9,238490,0
2013,9,50295,0
2013,9,238501,0
2013,9,238582,1
2013,9,238629,0
2013,9,926473,0
2013,9,926417,0
2013,9,926382,1
2013,9,926348,0
2013,9,440444,0
2013,9,43319,0
2013,9,991898,0
2013,9,991883,0
2013,9,43056,0
2013,9,926272,0
2013,9,926271,1
2013,9,991871,1
2013,9,39403,0
2013,9,991821,0
2013,9,1159904,0
2013,9,991796,0
2013,9,1159884,0
2013,9,385445,0
2013,9,1159813,1
2013,9,1159727,1
2013,9,440134,0
2013,9,991590,0
2013,9,1159589,1
2013,9,440076,0
2013,9,440061,0
2013,9,925862,0
2013,9,991445,0
2013,9,1159446,1
2013,9,991413,0
2013,9,17646,0
2013,9,439901,0
2013,9,439894,0
2013,9,439881,0
2013,9,1159349,0
2013,9,991331,0
2013,9,439832,0
2013,9,1106820,1
2013,9,925662,0
2013,9,439801,0
2013,9,991289,0
2013,9,991278,0
2013,9,439771,0
2013,9,439749,1
2013,9,439693,0
2013,9,991142,0
2013,9,235726,0
2013,9,1159194,0
2013,9,439611,0
2013,9,925472,0
2013,9,1159147,1
2013,9,991049,1
2013,9,439591,1
2013,9,439580,0
2013,9,439554,0
2013,9,1159104,1
2013,9,925370,0
2013,9,925361,1
2013,9,1159072,1
2013,9,439489,0
2013,9,925344,0
2013,9,374322,0
2013,9,925326,0
2013,9,374382,0
2013,9,1181344,0
2013,9,1179323,1
2013,9,1167933,0
2013,9,1181331,0
2013,9,1165609,0
2013,9,371060,0
2013,9,1170595,0
2013,9,173472,0
2013,9,941444,0
2013,9,1107702,0
2013,9,1169892,0
2013,9,1181294,0
2013,9,394403,0
2013,9,371370,1
2013,9,408512,0
2013,9,1179216,0
2013,9,1168105,0
2013,9,1195226,1
2013,9,1167415,0
2013,9,1173642,0
2013,9,371595,0
2013,9,1196313,1
2013,9,371646,0
2013,9,229878,1
2013,9,23685,0
2013,9,160747,0
2013,9,1171543,0
2013,9,105272,0
2013,9,1171420,0
2013,9,372031,0
2013,9,83488,0
2013,9,49468,0
2013,9,372154,0
2013,9,372300,0
2013,9,1167287,0
2013,9,1165293,1
2013,9,273774,0
2013,9,1167952,0
2013,9,1168503,0
2013,9,22026,1
2013,9,372628,0
2013,9,230198,0
2013,9,230230,0
2013,9,369042,0
2013,9,1179000,1
2013,9,357704,0
2013,9,369263,1
2013,9,1167827,0
2013,9,1190055,0
2013,9,1164239,0
2013,9,104783,0
2013,9,104784,0
2013,9,1164950,0
2013,9,24022,1
2013,9,1162178,0
2013,9,1189468,0
2013,9,104957,0
2013,9,1152640,0
2013,9,1189767,0
2013,9,1161063,0
2013,9,1164573,1
2013,9,1178864,1
2013,9,21350,0
2013,9,1164075,0
2013,9,1196757,1
2013,9,1161121,0
2013,9,210468,0
2013,9,1161457,0
2013,9,228951,0
2013,9,1189573,0
2013,9,1163868,0
2013,9,1180915,1
2013,9,1178750,0
2013,9,1164870,0
2013,9,354668,0
2013,9,1152006,1
2013,9,229156,0
2013,9,1189581,0
2013,9,1166592,1
2013,9,1179845,1
2013,9,21697,0
2013,9,1166793,1
2013,9,1169561,0
2013,9,1181449,0
2013,9,173375,0
2013,9,1165006,1
2013,9,1169251,0
2013,9,1178598,1
2013,9,1164836,0
2013,9,1161226,0
2013,9,229532,0
2013,9,1154707,0
2013,9,229610,0
2013,9,1167840,0
2013,9,1165250,0
2013,9,1161305,0
2013,9,1161106,0
2013,9,1171304,0
2013,9,1168237,1
2013,9,1162355,0
2013,9,229712,0
2013,9,1172704,0
2013,9,1189576,0
2013,9,230244,0
2013,9,372769,0
2013,9,1195004,0
2013,9,1165506,0
2013,9,1180810,1
2013,9,1162247,0
2013,9,368856,0
2013,9,173314,0
2013,9,1162770,1
2013,9,1162993,0
2013,9,1186448,0
2013,9,1166053,0
2013,9,1179955,0
2013,9,1149659,0
2013,9,369035,0
2013,9,1154700,1
2013,9,1173633,0
2013,9,1172498,0
2013,9,1178493,1
2013,9,1196375,1
2013,9,1178474,1
2013,9,1163875,0
2013,9,1178453,1
2013,9,162457,0
2013,9,1172701,0
2013,9,1196483,1
2013,9,1164791,0
2013,9,1195026,1
2013,9,1180775,0
2013,9,1167055,1
2013,9,1171566,0
2013,9,102962,0
2013,9,102978,0
2013,9,171584,0
2013,9,208740,0
2013,9,23601,0
2013,9,208997,0
2013,9,1164474,0
2013,9,92218,0
2013,9,1162136,0
2013,9,1165248,0
2013,9,1152315,1
2013,9,1166403,0
2013,9,1166405,0
2013,9,103249,0
2013,9,1167200,0
2013,9,171762,0
2013,9,354716,0
2013,9,209259,0
2013,9,92333,0
2013,9,92550,0
2013,9,92647,0
2013,9,103474,1
2013,9,103620,0
2013,9,92753,0
2013,9,103842,0
2013,9,104096,0
2013,9,104176,0
2013,9,209585,0
2013,9,209642,0
2013,9,227953,0
2013,9,104322,0
2013,9,104383,0
2013,9,1166988,0
2013,9,1195088,0
2013,9,228006,0
2013,9,1165954,0
2013,9,368764,0
2013,9,93346,0
2013,9,93434,0
2013,9,93616,0
2013,9,93750,0
2013,9,172750,0
2013,9,1149226,0
2013,9,1151842,1
2013,9,228141,0
2013,9,1180712,1
2013,9,372972,0
2013,9,373009,0
2013,9,1168577,0
2013,9,1161387,0
2013,9,373083,0
2013,9,373101,1
2013,9,373129,0
2013,9,1196731,1
2013,9,230542,1
2013,9,168803,0
2013,9,226474,0
2013,9,1196726,1
2013,9,206034,0
2013,9,1196476,1
2013,9,100713,0
2013,9,100755,0
2013,9,100902,0
2013,9,100904,0
2013,9,226690,0
2013,9,100968,0
2013,9,226694,0
2013,9,226728,0
2013,9,89850,0
2013,9,90034,1
2013,9,1196715,1
2013,9,83219,0
2013,9,90482,0
2013,9,90515,0
2013,9,1150892,0
2013,9,169367,0
2013,9,169630,0
2013,9,169729,0
2013,9,226899,0
2013,9,169866,0
2013,9,101536,0
2013,9,101842,0
2013,9,130166,0
2013,9,227042,0
2013,9,130280,1
2013,9,207331,0
2013,9,207429,0
2013,9,1196714,1
2013,9,1172495,0
2013,9,91137,0
2013,9,91298,0
2013,9,130341,0
2013,9,101916,0
2013,9,1196712,1
2013,9,102047,0
2013,9,130358,0
2013,9,102125,0
2013,9,102197,0
2013,9,170492,0
2013,9,170541,0
2013,9,170680,0
2013,9,207463,0
2013,9,1196710,1
2013,9,207722,1
2013,9,368555,0
2013,9,207882,0
2013,9,102343,0
2013,9,1144114,1
2013,9,171017,0
2013,9,171024,0
2013,9,91875,0
2013,9,227447,0
2013,9,1196697,1
2013,9,1180625,0
2013,9,1157396,1
2013,9,1151723,0
2013,9,1158794,0
2013,9,1150694,0
2013,9,202738,0
2013,9,1167637,0
2013,9,1161378,0
2013,9,1149931,0
2013,9,1168982,0
2013,9,202790,0
2013,9,1149935,1
2013,9,1161466,0
2013,9,1158902,0
2013,9,84148,0
2013,9,1168174,0
2013,9,1178032,1
2013,9,201962,0
2013,9,170631,0
2013,9,211180,0
2013,9,1180607,0
2013,9,211461,0
2013,9,1149831,0
2013,9,1170582,1
2013,9,926458,0
2013,9,84649,0
2013,9,222223,0
2013,9,84786,0
2013,9,1196453,1
2013,9,86060,0
2013,9,49907,0
2013,9,49972,0
2013,9,49976,1
2013,9,130716,0
2013,9,1196682,0
2013,9,161268,0
2013,9,161431,0
2013,9,1196446,1
2013,9,132366,0
2013,9,161973,0
2013,9,131545,0
2013,9,132501,0
2013,9,167483,0
2013,9,167491,0
2013,9,167495,0
2013,9,202257,0
2013,9,1153651,1
2013,9,204753,0
2013,9,204961,0
2013,9,226030,0
2013,9,99206,0
2013,9,99296,0
2013,9,99358,0
2013,9,99503,0
2013,9,202462,0
2013,9,226104,0
2013,9,88644,0
2013,9,129636,0
2013,9,1196661,1
2013,9,168292,1
2013,9,168295,0
2013,9,168417,0
2013,9,129717,0
2013,9,205623,0
2013,9,1196653,1
2013,9,99922,0
2013,9,100225,0
2013,9,1196650,1
2013,9,1196648,1
2013,9,89186,0
2013,9,168570,0
2013,9,168672,0
2013,9,168689,0
2013,9,168734,0
2013,9,96812,0
2013,9,1177830,0
2013,9,1177829,0
2013,9,97004,0
2013,9,86417,0
2013,9,86434,0
2013,9,86462,0
2013,9,86476,0
2013,9,22481,1
2013,9,1196639,1
2013,9,159455,0
2013,9,202870,0
2013,9,203028,0
2013,9,203039,0
2013,9,203090,0
2013,9,1152257,0
2013,9,203146,0
2013,9,165670,0
2013,9,1177702,0
2013,9,159526,0
2013,9,164182,0
2013,9,1196423,1
2013,9,164342,0
2013,9,159608,0
2013,9,1196631,1
2013,9,95998,0
2013,9,211906,1
2013,9,212025,0
2013,9,212216,0
2013,9,85106,0
2013,9,85140,0
2013,9,85269,0
2013,9,362829,0
2013,9,78940,0
2013,9,1196629,1
2013,9,97638,0
2013,9,21401,1
2013,9,1196420,1
2013,9,1180247,0
2013,9,942588,0
2013,9,1149515,0
2013,9,1177439,0
2013,9,1177428,0
2013,9,166316,0
2013,9,1177380,1
2013,9,1196417,1
2013,9,96399,0
2013,9,96410,0
2013,9,258165,0
2013,9,203618,0
2013,9,203791,0
2013,9,1196623,1
2013,9,204246,0
2013,9,204299,0
2013,9,204334,0
2013,9,98408,0
2013,9,98542,0
2013,9,303352,0
2013,9,98809,0
2013,9,98855,0
2013,9,98959,0
2013,9,1196618,1
2013,9,87664,1
2013,9,88087,0
2013,9,88163,0
2013,9,166986,0
2013,9,167140,0
2013,9,167335,1
2013,9,1196612,1
2013,9,346107,0
2013,9,334601,0
2013,9,1177145,0
2013,9,306192,0
2013,9,1161272,0
2013,9,1177081,0
2013,9,1186373,0
2013,9,373226,0
2013,9,230686,0
2013,9,373466,0
2013,9,1186289,0
2013,9,1177009,1
2013,9,1186260,0
2013,9,1186221,1
2013,9,96607,0
2013,9,1151380,0
2013,9,1186197,0
2013,9,1176947,1
2013,9,1164663,0
2013,9,1164945,0
2013,9,1152615,0
2013,9,1186166,0
2013,9,1164024,0
2013,9,1161600,0
2013,9,1162172,0
2013,9,1176861,0
2013,9,222627,0
2013,9,222886,0
2013,9,355086,0
2013,9,222911,0
2013,9,222961,0
2013,9,223462,0
2013,9,223634,0
2013,9,355129,0
2013,9,82874,0
2013,9,82917,0
2013,9,224482,0
2013,9,224493,0
2013,9,224792,0
2013,9,1149811,0
2013,9,1166365,1
2013,9,1172518,0
2013,9,1168692,0
2013,9,1190156,0
2013,9,1152184,0
2013,9,1161635,0
2013,9,1152204,0
2013,9,1172241,0
2013,9,1176765,0
2013,9,374913,0
2013,9,1195195,0
2013,9,1150974,0
2013,9,1150973,0
2013,9,1171668,0
2013,9,1149615,0
2013,9,1149723,0
2013,9,1179946,0
2013,9,1032912,0
2013,9,1167925,0
2013,9,1166198,0
2013,9,345158,0
2013,9,1145716,0
2013,9,1145694,1
2013,9,1145690,0
2013,9,220644,0
2013,9,1185878,1
2013,9,1145534,0
2013,9,220732,0
2013,9,1176609,1
2013,9,1148132,0
2013,9,1148070,0
2013,9,1148059,0
2013,9,1148053,0
2013,9,273091,0
2013,9,354761,0
2013,9,1147854,1
2013,9,249106,0
2013,9,1147812,1
2013,9,1147793,0
2013,9,1147733,0
2013,9,316364,0
2013,9,268811,0
2013,9,16788,0
2013,9,210823,0
2013,9,94483,0
2013,9,83600,0
2013,9,83772,0
2013,9,83808,0
2013,9,1185528,1
2013,9,1176270,0
2013,9,1176233,1
2013,9,926501,0
2013,9,41436,0
2013,9,393336,0
2013,9,1185329,1
2013,9,1185323,0
2013,9,220961,0
2013,9,1175961,0
2013,9,332049,0
2013,9,1175563,0
2013,9,1175536,1
2013,9,1175513,1
2013,9,1175498,0
2013,9,1175496,1
2013,9,1175487,0
2013,9,421093,0
2013,9,1175452,0
2013,9,1182732,0
2013,9,332405,0
2013,9,2925,0
2013,9,1182575,0
2013,9,1182567,0
2013,9,1105857,0
2013,9,1182475,1
2013,9,322666,0
2013,9,343776,1
2013,9,332770,0
2013,9,1184576,1
2013,9,379934,0
2013,9,1182356,1
2013,9,1184540,0
2013,9,1182336,1
2013,9,1184418,0
2013,9,1036087,0
2013,9,1162092,0
2013,9,1162320,0
2013,9,1184316,0
2013,9,1182163,0
2013,9,1182156,0
2013,9,1165251,0
2013,9,1162807,0
2013,9,1184220,1
2013,9,1184205,1
2013,9,1163078,1
2013,9,1182043,1
2013,9,28098,0
2013,9,115118,0
2013,9,308579,0
2013,9,1165934,1
2013,9,363031,0
2013,9,90659,0
2013,9,66769,0
2013,9,395109,0
2013,9,303184,0
2013,9,1181934,0
2013,9,332286,0
2013,9,1181863,0
2013,9,1183873,0
2013,9,1168656,0
2013,9,1183842,1
2013,9,1166595,0
2013,9,1181717,0
2013,9,1183695,0
2013,9,1181626,0
2013,9,368404,0
2013,9,1181597,1
2013,9,1165852,0
2013,9,1181587,0
2013,9,314294,0
2013,9,930898,0
2013,9,302537,0
2013,9,337829,0
2013,9,1181533,0
2013,9,343009,0
2013,9,1108124,0
2013,9,1181386,1
2013,9,373525,0
2013,9,373710,0
2013,9,265432,0
2013,9,87004,0
2013,9,217594,0
2013,9,395461,0
2013,9,272503,0
2013,9,21649,0
2013,9,218004,0
2013,9,289368,0
2013,9,1148141,0
2013,9,438202,0
2013,9,84730,0
2013,9,1034824,0
2013,9,428362,0
2013,9,340533,0
2013,9,43192,0
2013,9,333780,0
2013,9,978551,0
2013,9,344298,0
2013,9,332602,0
2013,9,388399,0
2013,9,384043,0
2013,9,37462,0
2013,9,400542,0
2013,9,302485,0
2013,9,216358,0
2013,9,375270,0
2013,9,306947,0
2013,9,995329,0
2013,9,335665,1
2013,9,332436,0
2013,9,1165639,0
2013,9,306495,0
2013,9,328717,0
2013,9,279061,0
2013,9,175786,0
2013,9,401956,0
2013,9,360950,0
2013,9,1147998,0
2013,9,333377,0
2013,9,213438,0
2013,9,394883,0
2013,9,394349,1
2013,9,394319,0
2013,9,394793,0
2013,9,394239,0
2013,9,394657,0
2013,9,394544,0
2013,9,394022,0
2013,9,217252,1
2013,9,977330,1
2013,9,1037924,0
2013,9,393982,0
2013,9,127768,0
2013,9,393881,0
2013,9,393878,0
2013,9,393686,0
2013,9,412028,0
2013,9,411766,0
2013,9,411745,0
2013,9,393382,0
2013,9,411692,1
2013,9,393293,0
2013,9,411652,0
2013,9,393178,0
2013,9,289171,0
2013,9,393103,0
2013,9,362243,0
2013,9,393020,1
2013,9,411396,0
2013,9,411390,0
2013,9,303108,0
2013,9,392867,0
2013,9,407010,0
2013,9,411216,1
2013,9,378265,0
2013,9,392714,0
2013,9,392711,0
2013,9,411116,0
2013,9,392691,1
2013,9,392670,0
2013,9,411072,0
2013,9,9518,0
2013,9,392458,1
2013,9,392411,0
2013,9,404828,0
2013,9,404782,0
2013,9,404725,0
2013,9,410577,0
2013,9,410368,0
2013,9,404437,0
2013,9,404422,0
2013,9,404417,0
2013,9,410322,0
2013,9,410301,0
2013,9,333597,0
2013,9,410186,0
2013,9,404213,0
2013,9,404163,0
2013,9,404129,0
2013,9,409887,0
2013,9,403891,0
2013,9,362388,0
2013,9,403834,0
2013,9,409742,0
2013,9,184215,0
2013,9,409729,0
2013,9,438792,0
2013,9,409648,0
2013,9,362493,0
2013,9,409609,1
2013,9,403700,0
2013,9,403699,0
2013,9,403696,0
2013,9,403659,1
2013,9,403650,0
2013,9,409551,0
2013,9,409496,0
2013,9,409315,0
2013,9,409244,0
2013,9,403381,1
2013,9,403356,0
2013,9,403352,0
2013,9,409187,1
2013,9,409182,0
2013,9,403298,0
2013,9,409135,1
2013,9,409125,0
2013,9,403269,0
2013,9,403182,0
2013,9,403158,0
2013,9,408978,0
2013,9,403041,0
2013,9,403005,0
2013,9,402889,0
2013,9,402849,0
2013,9,402843,0
2013,9,402828,0
2013,9,402785,0
2013,9,362977,0
2013,9,402703,0
2013,9,363035,0
2013,9,363041,1
2013,9,402571,0
2013,9,402474,0
2013,9,400415,0
2013,9,400386,0
2013,9,400129,0
2013,9,399993,0
2013,9,401429,1
2013,9,399859,0
2013,9,401320,1
2013,9,399821,0
2013,9,363097,0
2013,9,399554,0
2013,9,363105,0
2013,9,399524,0
2013,9,182936,0
2013,9,401032,0
2013,9,399523,0
2013,9,400981,0
2013,9,399359,0
2013,9,303276,0
2013,9,28459,0
2013,9,399325,0
2013,9,399323,1
2013,9,400838,1
2013,9,399267,0
2013,9,400786,0
2013,9,399223,0
2013,9,399218,0
2013,9,993793,0
2013,9,363165,0
2013,9,399146,0
2013,9,216446,0
2013,9,23147,1
2013,9,216883,0
2013,9,364035,0
2013,9,398909,0
2013,9,398789,1
2013,9,398761,0
2013,9,398636,0
2013,9,398553,0
2013,9,398550,0
2013,9,398457,0
2013,9,364597,1
2013,9,353543,0
2013,9,947502,0
2013,9,398285,0
2013,9,398249,0
2013,9,398244,0
2013,9,398239,0
2013,9,398223,0
2013,9,398218,0
2013,9,408113,1
2013,9,22615,0
2013,9,408077,0
2013,9,365317,0
2013,9,365526,0
2013,9,398057,0
2013,9,398043,0
2013,9,365014,0
2013,9,397993,0
2013,9,407843,1
2013,9,365645,0
2013,9,365667,1
2013,9,397881,1
2013,9,407763,0
2013,9,365714,0
2013,9,397806,0
2013,9,397609,0
2013,9,359697,1
2013,9,397464,0
2013,9,397257,0
2013,9,397054,0
2013,9,397050,0
2013,9,396974,0
2013,9,364113,0
2013,9,396881,0
2013,9,406734,0
2013,9,396818,0
2013,9,1103063,0
2013,9,396758,0
2013,9,445224,0
2013,9,364451,0
2013,9,406471,0
2013,9,365836,0
2013,9,365865,0
2013,9,363552,0
2013,9,216268,0
2013,9,216272,0
2013,9,396299,0
2013,9,396231,0
2013,9,396225,0
2013,9,1177,1
2013,9,414945,0
2013,9,396139,0
2013,9,406022,0
2013,9,367832,0
2013,9,401536,0
2013,9,405924,0
2013,9,405863,0
2013,9,395940,0
2013,9,405773,1
2013,9,405620,0
2013,9,93019,0
2013,9,21699,1
2013,9,395614,0
2013,9,364767,0
2013,9,935150,0
2013,9,395524,0
2013,9,395507,0
2013,9,381823,0
2013,9,405434,0
2013,9,366278,0
2013,9,366393,0
2013,9,366394,0
2013,9,395463,1
2013,9,366660,1
2013,9,366760,0
2013,9,366822,0
2013,9,405238,1
2013,9,367101,0
2013,9,22104,1
2013,9,367143,0
2013,9,279101,0
2013,9,219024,0
2013,9,82428,0
2013,9,82465,0
2013,9,219134,0
2013,9,367314,0
2013,9,367318,0
2013,9,395253,0
2013,9,930754,0
2013,9,24262,1
2013,9,367446,0
2013,9,219325,0
2013,9,362723,0
2013,9,439036,0
2013,9,201260,0
2013,9,395107,0
2013,9,367553,0
2013,9,395058,0
2013,9,394996,0
2013,9,1038725,0
2013,9,1105654,0
2013,9,1189404,0
2013,9,1172447,1
2013,9,1105561,0
2013,9,1105560,1
2013,9,1126648,0
2013,9,1194941,0
2013,9,1105550,0
2013,9,1105538,0
2013,9,1126573,0
2013,9,1126566,0
2013,9,1126556,1
2013,9,1126533,0
2013,9,1126513,0
2013,9,376166,0
2013,9,376213,0
2013,9,1167065,0
2013,9,376345,0
2013,9,1105457,0
2013,9,376395,1
2013,9,1195202,1
2013,9,1105448,1
2013,9,1189793,0
2013,9,355705,0
2013,9,1105400,0
2013,9,1105392,0
2013,9,1105390,0
2013,9,1105388,0
2013,9,1168842,0
2013,9,1105376,0
2013,9,1190072,0
2013,9,1126347,0
2013,9,1169072,0
2013,9,1190135,1
2013,9,1038286,0
2013,9,1105290,0
2013,9,244448,1
2013,9,1038250,0
2013,9,244584,0
2013,9,1105247,0
2013,9,1105242,0
2013,9,244713,0
2013,9,1105210,1
2013,9,1105192,0
2013,9,1038193,0
2013,9,1126246,0
2013,9,1105178,0
2013,9,1038169,0
2013,9,1126224,0
2013,9,1105160,1
2013,9,1038163,0
2013,9,1126161,0
2013,9,1126149,1
2013,9,1105072,1
2013,9,1126136,0
2013,9,1174686,0
2013,9,374692,0
2013,9,1105016,0
2013,9,1126087,0
2013,9,1105003,1
2013,9,374724,0
2013,9,1126012,1
2013,9,1125999,1
2013,9,1125995,0
2013,9,244961,0
2013,9,1168058,0
2013,9,244994,0
2013,9,1104823,0
2013,9,1125932,1
2013,9,173857,0
2013,9,1037788,1
2013,9,1125913,0
2013,9,1125901,0
2013,9,1125882,0
2013,9,243677,1
2013,9,269809,1
2013,9,1104740,1
2013,9,1037715,1
2013,9,1125854,0
2013,9,1104710,0
2013,9,1194925,0
2013,9,1125820,0
2013,9,375009,0
2013,9,1172298,0
2013,9,1125766,0
2013,9,1125761,0
2013,9,1189895,0
2013,9,375297,0
2013,9,375307,0
2013,9,375342,0
2013,9,375356,0
2013,9,1104578,0
2013,9,1104574,0
2013,9,1189856,0
2013,9,375522,0
2013,9,1104564,0
2013,9,1125713,0
2013,9,1104557,0
2013,9,375827,0
2013,9,375929,0
2013,9,983945,0
2013,9,1189737,1
2013,9,1166784,0
2013,9,1167299,0
2013,9,1104483,1
2013,9,174057,0
2013,9,174062,0
2013,9,1037283,1
2013,9,1104434,0
2013,9,1104429,1
2013,9,1125619,0
2013,9,1037245,0
2013,9,245932,0
2013,9,1037204,0
2013,9,1104381,0
2013,9,1125555,0
2013,9,1037123,1
2013,9,1104347,0
2013,9,1037106,0
2013,9,1125505,0
2013,9,1189730,1
2013,9,1037054,1
2013,9,1037016,0
2013,9,1168346,0
2013,9,1036995,1
2013,9,1125437,0
2013,9,1125433,1
2013,9,1125401,0
2013,9,1125396,1
2013,9,1190048,0
2013,9,1036920,1
2013,9,1104187,1
2013,9,270033,0
2013,9,1036865,0
2013,9,1125332,0
2013,9,1195012,0
2013,9,1190136,1
2013,9,1125311,0
2013,9,1125308,0
2013,9,1190044,0
2013,9,1194648,0
2013,9,1189728,0
2013,9,1189940,0
2013,9,1195016,0
2013,9,1195191,0
2013,9,1189740,0
2013,9,1125283,0
2013,9,1194650,0
2013,9,1189857,1
2013,9,1036713,0
2013,9,1169743,1
2013,9,1125222,0
2013,9,1036617,1
2013,9,1103968,1
2013,9,1125132,0
2013,9,1125130,0
2013,9,1125119,0
2013,9,1125105,0
2013,9,1103788,0
2013,9,1036484,0
2013,9,1125007,0
2013,9,1036471,0
2013,9,1103751,0
2013,9,1103748,0
2013,9,1036432,1
2013,9,1103733,0
2013,9,1124899,0
2013,9,1036403,1
2013,9,1172395,0
2013,9,1036362,1
2013,9,1167484,0
2013,9,1103680,0
2013,9,1036342,1
2013,9,1124843,0
2013,9,1124834,0
2013,9,1103578,1
2013,9,1174947,1
2013,9,1124751,0
2013,9,174318,0
2013,9,174428,0
2013,9,174507,0
2013,9,54620,0
2013,9,1124711,0
2013,9,1124699,0
2013,9,1036176,0
2013,9,1174866,0
2013,9,1124686,1
2013,9,1036136,0
2013,9,1124617,1
2013,9,1036084,0
2013,9,355974,0
2013,9,1103430,0
2013,9,1103400,0
2013,9,270268,0
2013,9,1103341,0
2013,9,270418,0
2013,9,105442,0
2013,9,105668,0
2013,9,174786,0
2013,9,134657,0
2013,9,134877,0
2013,9,1036024,1
2013,9,55370,0
2013,9,1194816,1
2013,9,1194815,0
2013,9,1174730,0
2013,9,175245,0
2013,9,356122,0
2013,9,1036009,0
2013,9,175349,0
2013,9,175358,0
2013,9,135167,0
2013,9,1124402,1
2013,9,175885,0
2013,9,135477,0
2013,9,248253,0
2013,9,135720,0
2013,9,362986,0
2013,9,1174710,0
2013,9,1124379,1
2013,9,176237,0
2013,9,1103255,0
2013,9,176277,0
2013,9,135994,0
2013,9,136025,0
2013,9,248398,0
2013,9,136183,0
2013,9,176488,0
2013,9,1103248,0
2013,9,176727,0
2013,9,106241,0
2013,9,106278,0
2013,9,106321,0
2013,9,56435,0
2013,9,56501,0
2013,9,136208,0
2013,9,136240,0
2013,9,136438,0
2013,9,136468,0
2013,9,1196935,1
2013,9,136680,0
2013,9,136920,0
2013,9,176908,0
2013,9,1174658,1
2013,9,57327,0
2013,9,1103195,0
2013,9,1103169,1
2013,9,1103146,0
2013,9,1035871,0
2013,9,1124193,1
2013,9,1103095,1
2013,9,1103087,0
2013,9,1189790,1
2013,9,1172706,1
2013,9,1124092,0
2013,9,1103022,0
2013,9,1124089,0
2013,9,376731,0
2013,9,1103019,0
2013,9,1035699,0
2013,9,1102988,1
2013,9,376792,0
2013,9,1124050,0
2013,9,1124041,0
2013,9,1190789,0
2013,9,1102959,0
2013,9,1035625,1
2013,9,1184377,0
2013,9,1195121,0
2013,9,1172616,0
2013,9,376965,0
2013,9,1123953,0
2013,9,1102832,0
2013,9,1102821,1
2013,9,1123907,0
2013,9,1035547,1
2013,9,1035301,1
2013,9,1035292,1
2013,9,1035273,1
2013,9,1102705,1
2013,9,377197,0
2013,9,1035227,0
2013,9,377219,0
2013,9,1123790,0
2013,9,1102678,0
2013,9,1035178,1
2013,9,1035120,0
2013,9,1102623,1
2013,9,1123689,0
2013,9,1034996,0
2013,9,1034980,0
2013,9,1102540,0
2013,9,1034923,0
2013,9,1034894,0
2013,9,1034850,0
2013,9,1123586,1
2013,9,1034831,0
2013,9,1034822,0
2013,9,1034814,0
2013,9,1034808,1
2013,9,332899,0
2013,9,1123558,0
2013,9,1034776,1
2013,9,1123550,0
2013,9,381445,0
2013,9,1034758,1
2013,9,1123515,0
2013,9,1123514,1
2013,9,71782,0
2013,9,1034670,0
2013,9,71865,0
2013,9,72011,0
2013,9,119623,0
2013,9,119638,0
2013,9,119642,0
2013,9,119857,0
2013,9,119903,0
2013,9,1102272,0
2013,9,149983,1
2013,9,150146,1
2013,9,1034620,0
2013,9,150870,0
2013,9,72304,0
2013,9,72388,0
2013,9,72419,0
2013,9,1102238,0
2013,9,72892,0
2013,9,73029,0
2013,9,73067,0
2013,9,73119,0
2013,9,1034592,1
2013,9,1102205,1
2013,9,150951,0
2013,9,1034561,0
2013,9,1102184,0
2013,9,1123354,0
2013,9,1123349,0
2013,9,193210,0
2013,9,1123338,1
2013,9,121628,1
2013,9,121685,0
2013,9,193552,0
2013,9,1034501,0
2013,9,122095,0
2013,9,1034469,0
2013,9,1123280,0
2013,9,1102064,1
2013,9,1034412,0
2013,9,1102017,1
2013,9,1123196,0
2013,9,1034296,1
2013,9,1123189,0
2013,9,1034286,0
2013,9,1123176,0
2013,9,1034239,0
2013,9,1123163,0
2013,9,1034224,0
2013,9,1101910,0
2013,9,381558,0
2013,9,1123142,0
2013,9,1034143,0
2013,9,257832,1
2013,9,356246,0
2013,9,257989,0
2013,9,258336,0
2013,9,356339,0
2013,9,258652,0
2013,9,258716,0
2013,9,1034117,1
2013,9,1123083,0
2013,9,1034112,0
2013,9,1101828,0
2013,9,259472,0
2013,9,259541,0
2013,9,1034098,0
2013,9,259885,0
2013,9,260422,0
2013,9,260689,0
2013,9,260787,0
2013,9,198884,0
2013,9,199128,0
2013,9,126967,0
2013,9,127016,0
2013,9,127093,0
2013,9,127132,0
2013,9,157276,0
2013,9,79968,0
2013,9,80044,0
2013,9,80273,0
2013,9,80360,0
2013,9,1122983,0
2013,9,199471,0
2013,9,1122973,0
2013,9,1101750,1
2013,9,157537,0
2013,9,1122968,1
2013,9,157693,0
2013,9,985313,0
2013,9,158118,0
2013,9,127888,0
2013,9,128121,0
2013,9,128316,0
2013,9,128573,0
2013,9,128596,0
2013,9,128634,0
2013,9,81027,0
2013,9,200426,0
2013,9,1033994,1
2013,9,200735,0
2013,9,158443,0
2013,9,158451,0
2013,9,158644,0
2013,9,158897,0
2013,9,1033988,0
2013,9,129254,0
2013,9,1033985,1
2013,9,39004,0
2013,9,276595,0
2013,9,263873,0
2013,9,263895,0
2013,9,263998,0
2013,9,264048,0
2013,9,264063,0
2013,9,264116,0
2013,9,264136,0
2013,9,1033922,1
2013,9,1122861,0
2013,9,1033910,0
2013,9,279281,0
2013,9,264390,0
2013,9,264428,0
2013,9,1101619,0
2013,9,264460,0
2013,9,264672,0
2013,9,264743,0
2013,9,1122795,1
2013,9,1101583,0
2013,9,1122783,0
2013,9,1125367,0
2013,9,1101525,0
2013,9,1101509,0
2013,9,1122673,0
2013,9,1122621,0
2013,9,1033663,0
2013,9,1101362,0
2013,9,1196208,1
2013,9,1196200,1
2013,9,1196180,1
2013,9,1196176,1
2013,9,1196174,1
2013,9,1196172,1
2013,9,1196169,1
2013,9,1122556,0
2013,9,1122552,0
2013,9,1196144,1
2013,9,1196142,1
2013,9,1196140,1
2013,9,1196120,1
2013,9,1196114,1
2013,9,1196100,1
2013,9,1101254,0
2013,9,1196930,1
2013,9,1196075,1
2013,9,1196065,1
2013,9,378645,0
2013,9,1196060,1
2013,9,1122476,1
2013,9,1196039,1
2013,9,1101203,0
2013,9,1196000,1
2013,9,1195994,1
2013,9,1195990,1
2013,9,1195978,1
2013,9,378929,0
2013,9,1033391,0
2013,9,378994,0
2013,9,1195944,1
2013,9,1195938,1
2013,9,1195933,1
2013,9,1195912,1
2013,9,1195907,1
2013,9,1195899,1
2013,9,1195898,1
2013,9,1101126,0
2013,9,1195884,1
2013,9,1195863,1
2013,9,1195861,1
2013,9,1195846,1
2013,9,1195845,1
2013,9,1195833,1
2013,9,1101096,0
2013,9,1195799,1
2013,9,1122319,0
2013,9,1195786,1
2013,9,1101078,0
2013,9,1195775,1
2013,9,1122306,0
2013,9,1101063,1
2013,9,1033268,1
2013,9,1195749,1
2013,9,356743,0
2013,9,356745,0
2013,9,1195730,1
2013,9,1101046,0
2013,9,1195717,1
2013,9,1033238,0
2013,9,1195715,1
2013,9,1195710,1
2013,9,1195704,1
2013,9,1033203,1
2013,9,1195692,1
2013,9,1195688,1
2013,9,1195679,1
2013,9,1195662,1
2013,9,1195651,1
2013,9,1195639,1
2013,9,1195585,1
2013,9,1195580,1
2013,9,1195573,1
2013,9,1195561,1
2013,9,1100958,0
2013,9,1100942,0
2013,9,1195544,1
2013,9,1195516,1
2013,9,1122185,0
2013,9,1195496,1
2013,9,1195492,1
2013,9,1033054,0
2013,9,1195487,1
2013,9,1195482,1
2013,9,1195476,1
2013,9,1122142,1
2013,9,1195448,1
2013,9,1195447,1
2013,9,1195446,1
2013,9,32776,0
2013,9,1195443,1
2013,9,1100888,0
2013,9,1033016,0
2013,9,1195408,1
2013,9,1032999,0
2013,9,1195396,1
2013,9,347273,0
2013,9,1122098,1
2013,9,1100842,1
2013,9,1195361,1
2013,9,1195358,1
2013,9,1122084,0
2013,9,1032927,0
2013,9,380207,0
2013,9,1195318,1
2013,9,1122066,0
2013,9,380247,0
2013,9,1032908,0
2013,9,1195300,1
2013,9,1195291,1
2013,9,380329,1
2013,9,1195287,1
2013,9,1195284,1
2013,9,1122032,0
2013,9,1195256,1
2013,9,1195253,1
2013,9,1195237,1
2013,9,380504,0
2013,9,380572,0
2013,9,249634,0
2013,9,1100701,0
2013,9,356813,0
2013,9,1037761,0
2013,9,380737,1
2013,9,380754,0
2013,9,1121964,0
2013,9,1100661,0
2013,9,338240,0
2013,9,380935,0
2013,9,249887,0
2013,9,380968,1
2013,9,1121906,1
2013,9,381032,1
2013,9,1121883,0
2013,9,1100586,0
2013,9,1100583,0
2013,9,1032584,0
2013,9,1121832,0
2013,9,381252,0
2013,9,1032534,0
2013,9,1100495,0
2013,9,1032483,0
2013,9,1032429,0
2013,9,1032425,0
2013,9,1032419,1
2013,9,1168282,0
2013,9,1121686,0
2013,9,1100386,0
2013,9,1194560,0
2013,9,1100342,1
2013,9,1032286,1
2013,9,1154448,0
2013,9,1121616,1
2013,9,1177443,0
2013,9,420294,1
2013,9,1121610,0
2013,9,1121596,1
2013,9,1171481,1
2013,9,1100307,0
2013,9,1172915,0
2013,9,1121559,0
2013,9,381525,0
2013,9,275601,0
2013,9,275641,0
2013,9,1173448,0
2013,9,275909,0
2013,9,1121502,0
2013,9,1179795,1
2013,9,1032121,0
2013,9,276133,0
2013,9,276180,0
2013,9,1121440,0
2013,9,1189446,0
2013,9,1189584,1
2013,9,1032007,1
2013,9,1031961,0
2013,9,1100072,0
2013,9,357821,0
2013,9,1121337,1
2013,9,277001,1
2013,9,152095,1
2013,9,1099992,0
2013,9,194260,0
2013,9,194280,1
2013,9,194639,0
2013,9,353658,0
2013,9,153148,0
2013,9,122809,0
2013,9,122821,0
2013,9,1099921,1
2013,9,153338,0
2013,9,153346,0
2013,9,153380,0
2013,9,153604,0
2013,9,75155,0
2013,9,75276,0
2013,9,1121189,1
2013,9,1031810,0
2013,9,1099892,1
2013,9,75565,0
2013,9,75741,0
2013,9,1031793,0
2013,9,75936,0
2013,9,123386,0
2013,9,1099863,1
2013,9,153784,0
2013,9,1196901,1
2013,9,76096,0
2013,9,76193,0
2013,9,1099840,0
2013,9,76436,0
2013,9,195817,1
2013,9,195837,0
2013,9,195879,0
2013,9,195891,0
2013,9,195974,0
2013,9,124119,0
2013,9,124265,0
2013,9,1121116,1
2013,9,154351,0
2013,9,1174381,1
2013,9,1121100,0
2013,9,1121096,0
2013,9,1121094,1
2013,9,1099790,0
2013,9,1031728,1
2013,9,1121075,0
2013,9,1121065,0
2013,9,1031703,0
2013,9,1121037,1
2013,9,1031656,1
2013,9,1121011,0
2013,9,1031587,1
2013,9,346293,0
2013,9,1031549,0
2013,9,1120901,0
2013,9,1099576,0
2013,9,1120836,0
2013,9,1099512,0
2013,9,1174232,1
2013,9,181392,0
2013,9,1099431,0
2013,9,181803,0
2013,9,181914,0
2013,9,182134,0
2013,9,1196892,1
2013,9,1120697,0
2013,9,141527,0
2013,9,141563,0
2013,9,61755,0
2013,9,110609,0
2013,9,110773,1
2013,9,110875,0
2013,9,1120683,1
2013,9,182333,0
2013,9,1099370,0
2013,9,1099342,0
2013,9,182697,0
2013,9,183055,0
2013,9,141772,0
2013,9,1099309,0
2013,9,1120614,1
2013,9,111903,0
2013,9,111918,0
2013,9,1120608,0
2013,9,62869,0
2013,9,183452,0
2013,9,183524,0
2013,9,183609,0
2013,9,183905,0
2013,9,1120567,0
2013,9,142586,0
2013,9,142680,0
2013,9,112533,0
2013,9,112602,0
2013,9,1042058,0
2013,9,1042056,1
2013,9,184111,0
2013,9,63627,0
2013,9,63649,0
2013,9,1099183,0
2013,9,261526,0
2013,9,143319,0
2013,9,64111,0
2013,9,1175352,0
2013,9,113109,0
2013,9,261641,0
2013,9,1041995,0
2013,9,143818,0
2013,9,64430,0
2013,9,64613,0
2013,9,64645,0
2013,9,144089,0
2013,9,1196859,1
2013,9,184959,0
2013,9,185075,0
2013,9,185513,0
2013,9,261797,0
2013,9,113451,0
2013,9,113494,0
2013,9,113655,0
2013,9,1130699,0
2013,9,113943,0
2013,9,1109374,0
2013,9,144306,0
2013,9,1130685,0
2013,9,144902,0
2013,9,145137,0
2013,9,65689,0
2013,9,1109340,0
2013,9,185855,0
2013,9,66097,0
2013,9,186278,0
2013,9,1196844,1
2013,9,114472,0
2013,9,114548,0
2013,9,114611,0
2013,9,114706,0
2013,9,114737,0
2013,9,66383,0
2013,9,66464,0
2013,9,145489,0
2013,9,1041832,0
2013,9,145653,1
2013,9,145830,0
2013,9,145853,0
2013,9,145902,0
2013,9,1196830,1
2013,9,115315,0
2013,9,115329,0
2013,9,115559,0
2013,9,1109235,1
2013,9,67291,0
2013,9,67305,0
2013,9,146115,0
2013,9,146149,1
2013,9,187580,0
2013,9,187896,0
2013,9,116355,0
2013,9,1109178,1
2013,9,67736,0
2013,9,188065,0
2013,9,116544,0
2013,9,116557,0
2013,9,116604,0
2013,9,116745,0
2013,9,188328,0
2013,9,68039,0
2013,9,1041744,0
2013,9,146633,0
2013,9,146637,1
2013,9,146654,0
2013,9,146904,0
2013,9,116950,0
2013,9,1196815,1
2013,9,117169,0
2013,9,147193,0
2013,9,147194,0
2013,9,188396,0
2013,9,262610,0
2013,9,1130449,0
2013,9,1109071,0
2013,9,147477,0
2013,9,147507,0
2013,9,147642,0
2013,9,1109045,1
2013,9,147771,0
2013,9,69359,0
2013,9,69663,0
2013,9,188983,0
2013,9,1196805,0
2013,9,189093,0
2013,9,1109027,0
2013,9,189156,0
2013,9,117690,0
2013,9,1041635,0
2013,9,70127,0
2013,9,148295,0
2013,9,148330,0
2013,9,148441,0
2013,9,70138,0
2013,9,70546,0
2013,9,189607,0
2013,9,1195130,1
2013,9,1041610,0
2013,9,263178,0
2013,9,118543,0
2013,9,190095,0
2013,9,70586,0
2013,9,1108970,0
2013,9,70833,0
2013,9,1108967,1
2013,9,71073,0
2013,9,148679,0
2013,9,1130368,0
2013,9,119033,0
2013,9,263419,0
2013,9,190459,0
2013,9,263438,1
2013,9,1108953,1
2013,9,149172,1
2013,9,1041559,0
2013,9,1041546,1
2013,9,1130330,1
2013,9,1130327,0
2013,9,1041530,0
2013,9,1175209,0
2013,9,1130246,0
2013,9,1108873,0
2013,9,1108845,1
2013,9,1130183,0
2013,9,1130120,0
2013,9,1108718,0
2013,9,1041373,0
2013,9,1129944,1
2013,9,1108654,1
2013,9,1041343,0
2013,9,1041339,0
2013,9,1032624,0
2013,9,1129919,0
2013,9,1129916,1
2013,9,1129852,0
2013,9,250178,0
2013,9,250659,0
2013,9,1108571,0
2013,9,1196769,1
2013,9,251038,0
2013,9,1194810,1
2013,9,251135,0
2013,9,251181,0
2013,9,1108558,0
2013,9,251424,0
2013,9,357117,1
2013,9,1129799,0
2013,9,1108531,1
2013,9,1129778,0
2013,9,1129773,0
2013,9,1108488,0
2013,9,1108469,1
2013,9,1129653,1
2013,9,1173713,1
2013,9,1108337,0
2013,9,1129564,0
2013,9,1108287,0
2013,9,1129506,0
2013,9,1041058,1
2013,9,1041043,0
2013,9,1108216,0
2013,9,1108125,0
2013,9,1040926,1
2013,9,1129349,1
2013,9,1129342,1
2013,9,1129255,0
2013,9,1129174,1
2013,9,1129173,0
2013,9,1129128,0
2013,9,1107794,0
2013,9,1040683,0
2013,9,1107688,1
2013,9,1107675,0
2013,9,1128956,0
2013,9,1128918,0
2013,9,1107629,1
2013,9,1107599,0
2013,9,251736,0
2013,9,251746,0
2013,9,251776,0
2013,9,357167,1
2013,9,252228,1
2013,9,252282,0
2013,9,252506,0
2013,9,1107521,0
2013,9,252860,0
2013,9,252966,0
2013,9,253085,0
2013,9,253465,0
2013,9,253844,0
2013,9,253870,0
2013,9,253883,0
2013,9,1040484,1
2013,9,254076,0
2013,9,254108,0
2013,9,1107468,1
2013,9,254298,0
2013,9,254510,0
2013,9,254880,0
2013,9,1128735,0
2013,9,255398,0
2013,9,255409,0
2013,9,255547,0
2013,9,255586,0
2013,9,256192,0
2013,9,1040423,1
2013,9,357538,0
2013,9,256860,1
2013,9,1040418,0
2013,9,256924,0
2013,9,1107354,1
2013,9,257021,0
2013,9,257443,0
2013,9,1107335,0
2013,9,257508,0
2013,9,257630,0
2013,9,1040375,0
2013,9,1107270,0
2013,9,1151850,0
2013,9,1107223,0
2013,9,1040350,0
2013,9,1107160,0
2013,9,1128362,0
2013,9,1040264,0
2013,9,1128286,1
2013,9,137114,0
2013,9,137292,0
2013,9,177779,0
2013,9,177935,0
2013,9,57712,0
2013,9,57776,1
2013,9,1128260,0
2013,9,107576,0
2013,9,107604,0
2013,9,107645,0
2013,9,58094,1
2013,9,58333,0
2013,9,58398,0
2013,9,58634,0
2013,9,178990,0
2013,9,107890,0
2013,9,107891,1
2013,9,108057,0
2013,9,108218,0
2013,9,179245,0
2013,9,59481,0
2013,9,59700,0
2013,9,1196524,1
2013,9,1128160,0
2013,9,179830,0
2013,9,1040142,1
2013,9,138865,1
2013,9,138936,0
2013,9,179935,0
2013,9,1128120,0
2013,9,139342,0
2013,9,109322,0
2013,9,109467,0
2013,9,109560,1
2013,9,1128087,0
2013,9,60774,0
2013,9,180626,0
2013,9,1196517,1
2013,9,1106815,0
2013,9,181255,0
2013,9,1196516,1
2013,9,110088,0
2013,9,1040026,0
2013,9,61481,0
2013,9,1127984,0
2013,9,1127915,1
2013,9,1127868,0
2013,9,274906,0
2013,9,1039909,1
2013,9,1127818,0
2013,9,1106511,0
2013,9,1106478,0
2013,9,1127623,0
2013,9,1106434,1
2013,9,1127597,0
2013,9,1127596,1
2013,9,1106400,0
2013,9,1127589,1
2013,9,1106371,0
2013,9,1127537,0
2013,9,1106324,0
2013,9,1106303,1
2013,9,1106276,1
2013,9,1039699,0
2013,9,1106267,0
2013,9,1106231,0
2013,9,1127426,1
2013,9,1106176,0
2013,9,1127374,0
2013,9,1127371,1
2013,9,1106057,1
2013,9,1127263,0
2013,9,1106035,0
2013,9,1127235,0
2013,9,1127217,0
2013,9,1127192,0
2013,9,1039520,0
2013,9,1039519,0
2013,9,1127166,0
2013,9,76837,0
2013,9,76867,0
2013,9,124508,0
2013,9,1127134,0
2013,9,445642,0
2013,9,196077,0
2013,9,154587,0
2013,9,1105930,1
2013,9,1127094,0
2013,9,77733,0
2013,9,125031,0
2013,9,125303,0
2013,9,196540,0
2013,9,196632,0
2013,9,77811,0
2013,9,77858,0
2013,9,125336,0
2013,9,1127056,1
2013,9,197314,0
2013,9,1127039,0
2013,9,154947,0
2013,9,154983,0
2013,9,155173,0
2013,9,155504,0
2013,9,77905,0
2013,9,78108,0
2013,9,78415,0
2013,9,197470,0
2013,9,1105855,0
2013,9,1105835,0
2013,9,155744,0
2013,9,126685,0
2013,9,1126931,0
2013,9,126767,0
2013,9,156075,0
2013,9,78810,0
2013,9,79529,0
2013,9,198726,0
2013,9,198833,0
2013,9,951004,1
2013,9,452275,0
2013,9,452271,0
2013,9,950929,0
2013,9,266150,0
2013,9,266316,0
2013,9,267491,0
2013,9,452229,0
2013,9,943039,0
2013,9,950784,0
2013,9,950717,0
2013,9,950696,0
2013,9,950673,0
2013,9,950665,0
2013,9,942988,0
2013,9,950619,0
2013,9,950595,1
2013,9,942954,1
2013,9,428835,0
2013,9,928450,0
2013,9,428834,0
2013,9,428833,0
2013,9,267867,0
2013,9,950479,1
2013,9,214623,0
2013,9,942889,0
2013,9,950395,1
2013,9,942881,0
2013,9,428786,0
2013,9,452086,0
2013,9,950315,0
2013,9,950308,0
2013,9,950280,0
2013,9,428744,0
2013,9,452063,0
2013,9,950197,0
2013,9,950168,0
2013,9,950131,0
2013,9,33797,0
2013,9,33647,0
2013,9,33614,0
2013,9,33568,0
2013,9,33526,0
2013,9,33332,0
2013,9,33228,0
2013,9,33094,0
2013,9,33080,0
2013,9,33019,0
2013,9,32969,0
2013,9,32865,0
2013,9,32816,0
2013,9,32759,0
2013,9,32344,0
2013,9,32191,0
2013,9,32134,0
2013,9,32118,0
2013,9,31886,0
2013,9,31710,0
2013,9,31243,0
2013,9,31162,0
2013,9,428590,0
2013,9,30969,0
2013,9,30849,0
2013,9,30805,0
2013,9,30358,0
2013,9,30324,1
2013,9,30273,0
2013,9,29977,0
2013,9,29684,0
2013,9,29656,0
2013,9,29579,0
2013,9,29324,0
2013,9,29199,1
2013,9,28914,1
2013,9,28857,0
2013,9,28808,0
2013,9,28701,0
2013,9,28624,0
2013,9,28582,0
2013,9,28440,0
2013,9,950057,0
2013,9,949986,1
2013,9,942731,0
2013,9,942720,0
2013,9,942704,0
2013,9,942666,1
2013,9,942652,0
2013,9,451921,1
2013,9,942619,0
2013,9,428367,0
2013,9,949890,0
2013,9,942590,0
2013,9,428315,0
2013,9,942502,1
2013,9,428247,0
2013,9,942490,1
2013,9,942466,0
2013,9,942446,0
2013,9,942440,0
2013,9,942395,1
2013,9,942274,0
2013,9,942268,0
2013,9,428116,1
2013,9,279169,0
2013,9,279170,0
2013,9,28206,0
2013,9,279797,0
2013,9,27969,0
2013,9,358024,0
2013,9,280138,0
2013,9,280446,0
2013,9,27661,0
2013,9,358177,0
2013,9,280976,1
2013,9,358224,0
2013,9,281420,1
2013,9,27220,0
2013,9,26976,1
2013,9,282080,0
2013,9,282761,0
2013,9,26654,0
2013,9,283241,0
2013,9,283307,0
2013,9,283382,0
2013,9,358333,0
2013,9,358354,0
2013,9,283714,0
2013,9,283738,0
2013,9,358374,0
2013,9,26291,0
2013,9,283832,0
2013,9,283843,0
2013,9,283999,0
2013,9,26205,0
2013,9,26202,0
2013,9,26086,0
2013,9,284565,0
2013,9,284610,1
2013,9,284669,0
2013,9,25955,1
2013,9,284804,0
2013,9,284865,0
2013,9,285197,0
2013,9,285571,0
2013,9,285811,0
2013,9,286325,0
2013,9,286346,0
2013,9,25333,0
2013,9,25331,0
2013,9,286366,0
2013,9,286513,0
2013,9,25215,0
2013,9,286729,0
2013,9,287231,0
2013,9,287483,0
2013,9,24690,1
2013,9,24534,0
2013,9,24397,1
2013,9,288879,0
2013,9,289123,0
2013,9,358848,0
2013,9,291675,0
2013,9,291768,0
2013,9,291845,0
2013,9,292096,0
2013,9,359412,1
2013,9,21948,0
2013,9,293992,0
2013,9,294844,0
2013,9,294924,0
2013,9,359816,0
2013,9,294981,0
2013,9,359954,0
2013,9,359964,0
2013,9,295503,0
2013,9,360271,1
2013,9,360466,0
2013,9,360731,1
2013,9,361094,0
2013,9,361146,0
2013,9,331146,0
2013,9,290549,0
2013,9,290911,0
2013,9,297565,0
2013,9,297966,1
2013,9,361666,0
2013,9,298338,0
2013,9,361839,0
2013,9,298822,0
2013,9,299089,0
2013,9,21446,1
2013,9,299470,0
2013,9,299505,0
2013,9,301367,1
2013,9,451696,0
2013,9,949659,0
2013,9,949654,0
2013,9,427959,0
2013,9,451637,1
2013,9,427900,0
2013,9,427887,0
2013,9,382551,0
2013,9,382669,0
2013,9,382978,0
2013,9,383060,0
2013,9,383166,0
2013,9,383273,0
2013,9,949596,0
2013,9,383387,0
2013,9,383394,1
2013,9,383491,0
2013,9,383526,0
2013,9,383984,0
2013,9,384380,0
2013,9,384417,0
2013,9,384518,1
2013,9,384851,0
2013,9,384867,0
2013,9,384894,0
2013,9,385023,1
2013,9,385029,0
2013,9,385157,0
2013,9,385502,0
2013,9,385891,0
2013,9,385941,0
2013,9,386225,0
2013,9,387013,0
2013,9,387063,0
2013,9,387117,0
2013,9,387119,0
2013,9,387221,1
2013,9,949537,0
2013,9,388679,1
2013,9,388775,0
2013,9,388992,0
2013,9,389105,0
2013,9,389299,0
2013,9,451583,0
2013,9,389334,0
2013,9,389385,0
2013,9,389674,0
2013,9,389713,0
2013,9,389899,1
2013,9,389955,0
2013,9,389984,0
2013,9,390008,1
2013,9,390148,0
2013,9,390335,0
2013,9,390703,0
2013,9,390842,0
2013,9,390967,0
2013,9,391276,0
2013,9,391585,0
2013,9,391732,0
2013,9,391793,0
2013,9,391813,1
2013,9,391870,0
2013,9,391961,0
2013,9,391985,0
2013,9,427700,0
2013,9,427694,0
2013,9,451525,1
2013,9,427600,0
2013,9,451480,0
2013,9,427490,0
2013,9,427469,0
2013,9,949427,0
2013,9,949425,0
2013,9,427365,0
2013,9,941994,0
2013,9,427329,0
2013,9,451369,1
2013,9,941890,1
2013,9,949343,0
2013,9,949294,0
2013,9,949288,0
2013,9,949278,0
2013,9,949255,0
2013,9,1183078,0
2013,9,941562,1
2013,9,451204,1
2013,9,451199,0
2013,9,949115,0
2013,9,427011,0
2013,9,426997,0
2013,9,987252,1
2013,9,987200,0
2013,9,987182,0
2013,9,987171,0
2013,9,987109,0
2013,9,987105,0
2013,9,987083,0
2013,9,949020,0
2013,9,426871,1
2013,9,278922,0
2013,9,1189311,0
2013,9,986903,0
2013,9,948888,0
2013,9,451067,0
2013,9,451066,0
2013,9,416447,0
2013,9,948825,0
2013,9,986750,0
2013,9,986678,0
2013,9,416392,0
2013,9,986643,0
2013,9,986625,1
2013,9,948731,0
2013,9,986575,1
2013,9,948683,0
2013,9,416316,0
2013,9,450932,0
2013,9,450931,0
2013,9,986413,0
2013,9,948617,1
2013,9,986361,1
2013,9,450899,0
2013,9,986315,1
2013,9,948567,1
2013,9,416249,0
2013,9,948548,0
2013,9,986264,0
2013,9,450878,0
2013,9,986207,0
2013,9,948486,0
2013,9,426640,0
2013,9,948388,0
2013,9,35826,0
2013,9,35820,0
2013,9,35748,0
2013,9,948330,0
2013,9,948279,0
2013,9,948272,0
2013,9,948264,0
2013,9,1188865,0
2013,9,450776,0
2013,9,416127,0
2013,9,948086,0
2013,9,450721,0
2013,9,948044,0
2013,9,985836,0
2013,9,985826,0
2013,9,947988,1
2013,9,947979,1
2013,9,947936,1
2013,9,947933,0
2013,9,947923,0
2013,9,947914,0
2013,9,947892,0
2013,9,947761,0
2013,9,947747,0
2013,9,947656,0
2013,9,1196373,1
2013,9,947637,0
2013,9,985689,0
2013,9,947522,1
2013,9,947509,0
2013,9,947468,0
2013,9,426486,0
2013,9,450681,0
2013,9,450669,0
2013,9,415976,0
2013,9,426305,0
2013,9,450534,0
2013,9,426076,0
2013,9,426060,0
2013,9,1196367,1
2013,9,450386,0
2013,9,450361,0
2013,9,429488,0
2013,9,1196366,1
2013,9,446243,0
2013,9,446235,0
2013,9,446210,0
2013,9,450257,0
2013,9,446181,0
2013,9,450217,0
2013,9,446146,0
2013,9,985600,0
2013,9,450146,0
2013,9,429456,0
2013,9,947256,1
2013,9,990879,0
2013,9,985594,1
2013,9,450074,0
2013,9,445994,0
2013,9,990829,1
2013,9,445954,1
2013,9,445937,0
2013,9,449884,1
2013,9,985564,0
2013,9,990816,0
2013,9,445840,0
2013,9,429945,1
2013,9,430427,0
2013,9,445760,1
2013,9,430471,0
2013,9,449731,0
2013,9,990773,0
2013,9,985432,0
2013,9,990663,1
2013,9,445675,0
2013,9,449674,1
2013,9,445670,0
2013,9,1194795,0
2013,9,445663,0
2013,9,990574,0
2013,9,985212,0
2013,9,449639,0
2013,9,985202,0
2013,9,985190,1
2013,9,990467,0
2013,9,430902,0
2013,9,947061,0
2013,9,430941,0
2013,9,947039,0
2013,9,947038,1
2013,9,445573,0
2013,9,35556,1
2013,9,449533,0
2013,9,1106703,0
2013,9,431142,1
2013,9,431126,0
2013,9,449424,0
2013,9,449376,0
2013,9,449369,0
2013,9,429997,0
2013,9,990265,1
2013,9,445225,0
2013,9,946912,0
2013,9,946902,0
2013,9,445170,0
2013,9,430042,0
2013,9,430033,0
2013,9,946791,0
2013,9,449132,0
2013,9,946620,0
2013,9,430178,0
2013,9,946529,0
2013,9,430091,0
2013,9,408223,0
2013,9,449076,0
2013,9,946471,0
2013,9,989938,0
2013,9,445061,0
2013,9,445048,0
2013,9,989877,0
2013,9,449029,0
2013,9,989768,0
2013,9,449004,0
2013,9,989760,0
2013,9,946286,0
2013,9,989725,0
2013,9,989704,0
2013,9,444963,0
2013,9,946245,1
2013,9,946212,1
2013,9,989440,0
2013,9,430843,0
2013,9,1196343,1
2013,9,434263,0
2013,9,1187209,1
2013,9,444829,1
2013,9,945943,0
2013,9,945938,0
2013,9,988963,0
2013,9,988954,0
2013,9,988922,1
2013,9,431445,0
2013,9,945893,1
2013,9,988887,0
2013,9,988806,0
2013,9,1196336,1
2013,9,1187032,0
2013,9,945747,0
2013,9,945736,1
2013,9,431704,1
2013,9,448733,0
2013,9,448724,0
2013,9,389123,0
2013,9,431550,0
2013,9,1196333,1
2013,9,431537,0
2013,9,444681,0
2013,9,945522,0
2013,9,945206,0
2013,9,448630,0
2013,9,448617,0
2013,9,945269,0
2013,9,448601,0
2013,9,448599,0
2013,9,945139,0
2013,9,1186757,0
2013,9,945252,1
2013,9,945073,0
2013,9,985142,0
2013,9,39092,0
2013,9,945002,0
2013,9,944991,0
2013,9,39062,0
2013,9,944977,0
2013,9,985095,0
2013,9,985093,0
2013,9,24175,1
2013,9,944965,0
2013,9,944958,1
2013,9,431450,0
2013,9,944936,0
2013,9,38915,0
2013,9,944894,0
2013,9,944862,0
2013,9,944856,1
2013,9,944790,0
2013,9,944773,0
2013,9,984969,0
2013,9,944747,0
2013,9,944712,1
2013,9,984953,1
2013,9,431666,0
2013,9,984919,0
2013,9,1194548,1
2013,9,1194524,1
2013,9,1194517,1
2013,9,1194497,0
2013,9,1194494,1
2013,9,1194493,1
2013,9,1194464,1
2013,9,1194462,1
2013,9,1194444,1
2013,9,1194432,1
2013,9,1194403,1
2013,9,1194390,1
2013,9,1194365,1
2013,9,1194361,1
2013,9,1194347,1
2013,9,1194342,1
2013,9,1194334,0
2013,9,1194333,1
2013,9,1194332,1
2013,9,941630,0
2013,9,1194284,1
2013,9,1194269,1
2013,9,1194260,1
2013,9,1194255,1
2013,9,1194249,1
2013,9,1194241,1
2013,9,1194239,1
2013,9,1194237,1
2013,9,1194224,1
2013,9,1194205,1
2013,9,1194197,1
2013,9,1194193,1
2013,9,1194176,0
2013,9,1194152,1
2013,9,1194151,1
2013,9,1194150,1
2013,9,1194139,1
2013,9,984822,0
2013,9,1194132,0
2013,9,984793,0
2013,9,984792,0
2013,9,1194120,1
2013,9,1194110,1
2013,9,1194096,0
2013,9,944457,0
2013,9,1194093,1
2013,9,444369,1
2013,9,444362,1
2013,9,1194077,0
2013,9,944423,0
2013,9,1194073,1
2013,9,984673,1
2013,9,984663,0
2013,9,1194048,1
2013,9,1194044,1
2013,9,1194043,1
2013,9,1194041,1
2013,9,1194037,0
2013,9,1194026,1
2013,9,1194020,0
2013,9,984594,1
2013,9,419186,0
2013,9,984566,0
2013,9,1194000,0
2013,9,1193995,1
2013,9,984534,0
2013,9,1193989,1
2013,9,1193968,1
2013,9,1193962,0
2013,9,944343,0
2013,9,419162,0
2013,9,1193954,1
2013,9,1193945,1
2013,9,1193935,1
2013,9,1193924,1
2013,9,1193911,1
2013,9,1193908,1
2013,9,1193888,0
2013,9,1193876,1
2013,9,984285,0
2013,9,984283,0
2013,9,984280,0
2013,9,984277,1
2013,9,1193858,0
2013,9,415806,0
2013,9,1193837,1
2013,9,1193821,1
2013,9,984129,0
2013,9,1193808,1
2013,9,1193797,0
2013,9,1193786,0
2013,9,444211,1
2013,9,444191,0
2013,9,444185,0
2013,9,1193778,1
2013,9,444163,0
2013,9,1193763,1
2013,9,415655,1
2013,9,1193756,1
2013,9,944188,0
2013,9,1193739,1
2013,9,1193732,1
2013,9,415569,0
2013,9,1193716,1
2013,9,444014,0
2013,9,1193709,1
2013,9,1193704,0
2013,9,418852,1
2013,9,415510,0
2013,9,443961,0
2013,9,944173,0
2013,9,415461,0
2013,9,1193678,1
2013,9,418780,0
2013,9,1193663,1
2013,9,443880,0
2013,9,984058,1
2013,9,1193635,1
2013,9,415389,0
2013,9,1193623,1
2013,9,1193610,1
2013,9,1193602,1
2013,9,1193600,0
2013,9,1193598,0
2013,9,944111,0
2013,9,1193594,1
2013,9,1193590,1
2013,9,1193588,0
2013,9,1193583,1
2013,9,1193556,1
2013,9,1193544,0
2013,9,443798,1
2013,9,1193520,1
2013,9,1193514,1
2013,9,443789,0
2013,9,443787,1
2013,9,1193504,1
2013,9,1193492,1
2013,9,983669,0
2013,9,1193476,1
2013,9,1193462,1
2013,9,1193460,1
2013,9,1193457,1
2013,9,1193448,1
2013,9,1193447,0
2013,9,443758,1
2013,9,418638,0
2013,9,983583,0
2013,9,1193431,1
2013,9,1193430,1
2013,9,983541,0
2013,9,36147,0
2013,9,443726,0
2013,9,36107,0
2013,9,36032,0
2013,9,1193396,0
2013,9,1193392,1
2013,9,1193363,1
2013,9,34956,0
2013,9,34854,0
2013,9,34669,1
2013,9,34587,0
2013,9,34467,0
2013,9,34320,0
2013,9,34279,1
2013,9,34204,0
2013,9,415172,0
2013,9,418511,0
2013,9,415167,0
2013,9,38827,0
2013,9,983485,0
2013,9,38531,0
2013,9,38524,1
2013,9,38479,0
2013,9,38282,0
2013,9,38228,0
2013,9,38208,0
2013,9,38187,0
2013,9,38126,0
2013,9,38095,1
2013,9,38090,0
2013,9,1193339,1
2013,9,1196287,1
2013,9,37847,0
2013,9,1193336,0
2013,9,37754,0
2013,9,37539,0
2013,9,37376,0
2013,9,37287,0
2013,9,37282,0
2013,9,943683,0
2013,9,943679,0
2013,9,36710,0
2013,9,983423,0
2013,9,36549,0
2013,9,983417,0
2013,9,943508,0
2013,9,1193317,0
2013,9,36284,0
2013,9,943455,0
2013,9,36199,0
2013,9,1193312,1
2013,9,1193311,1
2013,9,983381,0
2013,9,35440,0
2013,9,1193289,0
2013,9,418432,0
2013,9,443553,0
2013,9,443548,0
2013,9,1193254,1
2013,9,443486,0
2013,9,443475,0
2013,9,1193243,1
2013,9,1193231,1
2013,9,1193229,0
2013,9,1193220,0
2013,9,425802,0
2013,9,418275,0
2013,9,414903,0
2013,9,1193205,1
2013,9,443378,1
2013,9,1193202,1
2013,9,418236,0
2013,9,1193172,0
2013,9,983244,1
2013,9,983243,0
2013,9,1193170,1
2013,9,983206,0
2013,9,983205,0
2013,9,983188,0
2013,9,1193157,1
2013,9,418186,0
2013,9,983167,1
2013,9,943245,1
2013,9,1193135,1
2013,9,1193130,1
2013,9,414746,1
2013,9,1193124,1
2013,9,425779,0
2013,9,333180,0
2013,9,425738,0
2013,9,1193095,1
2013,9,1193092,1
2013,9,414616,0
2013,9,443107,0
2013,9,1193084,1
2013,9,1193074,1
2013,9,414559,0
2013,9,1193062,1
2013,9,1193055,1
2013,9,1193043,1
2013,9,442960,1
2013,9,442950,1
2013,9,1193027,0
2013,9,1193018,1
2013,9,414393,0
2013,9,414375,0
2013,9,1192999,0
2013,9,414349,0
2013,9,1192995,1
2013,9,980672,0
2013,9,1192990,1
2013,9,1192976,0
2013,9,1192970,0
2013,9,1192967,1
2013,9,1192959,0
2013,9,1192958,1
2013,9,414225,0
2013,9,414224,1
2013,9,1192938,1
2013,9,1192936,1
2013,9,442656,0
2013,9,1192921,1
2013,9,1192912,0
2013,9,980616,0
2013,9,1192903,1
2013,9,414118,0
2013,9,1192888,1
2013,9,417667,0
2013,9,1192871,1
2013,9,982859,0
2013,9,417599,0
2013,9,1192861,1
2013,9,413959,0
2013,9,982837,0
2013,9,442420,0
2013,9,413938,0
2013,9,425588,0
2013,9,1192851,1
2013,9,1192850,1
2013,9,980519,0
2013,9,1192828,0
2013,9,1192822,0
2013,9,1192821,0
2013,9,448271,1
2013,9,448267,0
2013,9,425329,0
2013,9,425322,0
2013,9,1192793,1
2013,9,448180,0
2013,9,425211,0
2013,9,1192775,0
2013,9,1192771,1
2013,9,1192762,1
2013,9,1192761,1
2013,9,1192758,1
2013,9,1192757,1
2013,9,425115,0
2013,9,420436,0
2013,9,425060,0
2013,9,425053,0
2013,9,447969,0
2013,9,420359,0
2013,9,425000,0
2013,9,424986,0
2013,9,1192678,1
2013,9,1192675,1
2013,9,1192671,1
2013,9,1192670,1
2013,9,1192666,1
2013,9,980433,0
2013,9,420263,0
2013,9,420203,0
2013,9,420200,0
2013,9,1192640,1
2013,9,447748,0
2013,9,1196268,1
2013,9,424805,0
2013,9,1192631,1
2013,9,1192630,1
2013,9,1192628,0
2013,9,424732,0
2013,9,1192622,0
2013,9,980402,0
2013,9,424651,0
2013,9,447627,1
2013,9,420151,0
2013,9,378459,0
2013,9,424603,0
2013,9,424592,0
2013,9,420096,0
2013,9,447548,1
2013,9,424558,0
2013,9,419963,0
2013,9,1192577,1
2013,9,424426,1
2013,9,424364,0
2013,9,1192555,1
2013,9,1192553,1
2013,9,1192547,1
2013,9,447312,0
2013,9,424226,0
2013,9,447228,0
2013,9,980336,0
2013,9,447162,0
2013,9,447155,0
2013,9,424091,0
2013,9,447131,0
2013,9,447122,0
2013,9,1192493,1
2013,9,1192486,0
2013,9,1192481,1
2013,9,423881,1
2013,9,419731,0
2013,9,423861,0
2013,9,419710,0
2013,9,446991,0
2013,9,423828,0
2013,9,419680,1
2013,9,419644,0
2013,9,980288,1
2013,9,423678,0
2013,9,980287,0
2013,9,423618,0
2013,9,423556,0
2013,9,423538,0
2013,9,423510,0
2013,9,1192420,1
2013,9,446728,0
2013,9,1192409,1
2013,9,1142970,1
2013,9,423384,1
2013,9,1192405,0
2013,9,446664,0
2013,9,1192400,0
2013,9,1192394,0
2013,9,423354,0
2013,9,344972,0
2013,9,1192370,1
2013,9,277803,0
2013,9,337825,0
2013,9,1196260,1
2013,9,982600,1
2013,9,278559,0
2013,9,1192349,1
2013,9,1192332,1
2013,9,1192329,1
2013,9,980148,0
2013,9,1194889,1
2013,9,1192310,0
2013,9,446615,0
2013,9,1192285,1
2013,9,1192248,1
2013,9,1192241,1
2013,9,1192220,1
2013,9,1192214,1
2013,9,1192201,1
2013,9,1192198,1
2013,9,1192192,1
2013,9,1192187,1
2013,9,1192180,1
2013,9,1192174,1
2013,9,1192167,1
2013,9,1192144,1
2013,9,1192138,1
2013,9,1192129,1
2013,9,1192126,1
2013,9,1192125,0
2013,9,1192120,1
2013,9,1192092,1
2013,9,1192089,0
2013,9,1192083,1
2013,9,1192060,0
2013,9,1192057,1
2013,9,1192034,1
2013,9,1192015,1
2013,9,1192014,1
2013,9,1191998,1
2013,9,979938,0
2013,9,1191960,1
2013,9,1191949,1
2013,9,1191948,1
2013,9,1191927,0
2013,9,979893,0
2013,9,979886,0
2013,9,1191915,1
2013,9,446538,1
2013,9,1191893,1
2013,9,1191891,1
2013,9,1191886,1
2013,9,1191882,1
2013,9,1194792,0
2013,9,1194791,1
2013,9,1194789,1
2013,9,1194788,1
2013,9,982201,0
2013,9,1191865,1
2013,9,1191863,0
2013,9,1191862,1
2013,9,1191853,1
2013,9,1191848,1
2013,9,1191847,0
2013,9,982172,0
2013,9,1191835,1
2013,9,1191829,1
2013,9,1191825,1
2013,9,1191821,1
2013,9,982121,1
2013,9,423164,0
2013,9,1191795,0
2013,9,1191792,0
2013,9,1191790,1
2013,9,982099,0
2013,9,423152,0
2013,9,982078,0
2013,9,446456,0
2013,9,1191763,1
2013,9,1191757,0
2013,9,982052,0
2013,9,1191737,1
2013,9,982031,0
2013,9,979720,0
2013,9,1191724,1
2013,9,446431,0
2013,9,982005,0
2013,9,1191713,1
2013,9,1195125,1
2013,9,981976,0
2013,9,1191684,1
2013,9,423074,0
2013,9,423066,0
2013,9,1191658,1
2013,9,419259,0
2013,9,1191652,1
2013,9,431198,0
2013,9,413915,0
2013,9,1191614,1
2013,9,1191605,1
2013,9,1191598,1
2013,9,422954,0
2013,9,981865,0
2013,9,413880,1
2013,9,1191569,1
2013,9,1191568,1
2013,9,1191565,1
2013,9,422929,0
2013,9,1191546,1
2013,9,1191520,1
2013,9,1191514,1
2013,9,1191506,1
2013,9,1191497,0
2013,9,1191495,0
2013,9,1191478,1
2013,9,1191474,1
2013,9,1191471,1
2013,9,1191409,1
2013,9,1191366,1
2013,9,1191362,1
2013,9,1191341,1
2013,9,1191313,1
2013,9,1191311,1
2013,9,981840,0
2013,9,431195,0
2013,9,1191270,1
2013,9,1191266,1
2013,9,1194888,1
2013,9,981680,0
2013,9,1191202,1
2013,9,1191198,1
2013,9,1191197,1
2013,9,1191188,0
2013,9,422840,0
2013,9,981609,0
2013,9,1191164,1
2013,9,1191159,1
2013,9,981582,0
2013,9,1191116,0
2013,9,981509,0
2013,9,979399,0
2013,9,979397,0
2013,9,979396,1
2013,9,979378,0
2013,9,1191099,0
2013,9,1191093,1
2013,9,979371,0
2013,9,981478,1
2013,9,1191063,1
2013,9,1191061,0
2013,9,431232,0
2013,9,981385,0
2013,9,1191030,0
2013,9,1191015,0
2013,9,422748,0
2013,9,1190997,1
2013,9,1190996,1
2013,9,1190962,0
2013,9,1190955,0
2013,9,981320,0
2013,9,422732,0
2013,9,1190934,1
2013,9,1190922,0
2013,9,1190921,0
2013,9,1190905,1
2013,9,1190895,0
2013,9,1190890,1
2013,9,422722,0
2013,9,1190883,1
2013,9,979193,1
2013,9,1190882,1
2013,9,1190866,1
2013,9,979126,0
2013,9,1190836,0
2013,9,979113,0
2013,9,1190826,1
2013,9,1190809,0
2013,9,1190799,1
2013,9,413594,0
2013,9,1190765,1
2013,9,1190763,1
2013,9,349804,0
2013,9,1190737,1
2013,9,1190729,1
2013,9,1190728,0
2013,9,1190724,0
2013,9,1190722,0
2013,9,1190714,1
2013,9,1190695,1
2013,9,1190694,1
2013,9,1190690,0
2013,9,1190673,1
2013,9,422497,1
2013,9,1190660,1
2013,9,1190654,1
2013,9,1190646,1
2013,9,429627,0
2013,9,422353,0
2013,9,422352,0
2013,9,430402,0
2013,9,430284,0
2013,9,1190629,1
2013,9,422184,0
2013,9,978960,0
2013,9,1190617,1
2013,9,413417,0
2013,9,422088,1
2013,9,1190613,1
2013,9,432107,0
2013,9,413355,0
2013,9,430363,1
2013,9,413326,0
2013,9,421999,0
2013,9,432130,0
2013,9,413272,0
2013,9,432215,1
2013,9,432143,0
2013,9,1190592,1
2013,9,1196234,1
2013,9,432191,1
2013,9,421852,0
2013,9,417465,0
2013,9,417448,0
2013,9,1190574,1
2013,9,1190569,1
2013,9,421706,0
2013,9,421580,0
2013,9,1190546,0
2013,9,1190542,0
2013,9,412887,0
2013,9,1190538,1
2013,9,421534,0
2013,9,421515,0
2013,9,1190522,1
2013,9,421477,0
2013,9,1190518,1
2013,9,1190513,1
2013,9,1190512,1
2013,9,978901,0
2013,9,1190500,1
2013,9,412702,0
2013,9,1190489,0
2013,9,1190484,0
2013,9,412615,0
2013,9,412608,0
2013,9,421289,0
2013,9,1190476,1
2013,9,1190474,1
2013,9,1190471,1
2013,9,1190468,0
2013,9,1190465,1
2013,9,1190459,1
2013,9,1190455,0
2013,9,1190454,1
2013,9,1190452,1
2013,9,432317,0
2013,9,1190436,1
2013,9,416918,0
2013,9,412531,0
2013,9,1190427,1
2013,9,1190407,1
2013,9,416809,0
2013,9,421102,1
2013,9,421097,0
2013,9,421094,0
2013,9,1190397,1
2013,9,1190391,1
2013,9,416731,0
2013,9,1190378,1
2013,9,978864,0
2013,9,1190360,1
2013,9,1190345,0
2013,9,1190344,1
2013,9,978833,1
2013,9,1190317,1
2013,9,420816,0
2013,9,1190313,0
2013,9,1190309,1
2013,9,421042,1
2013,9,980894,1
2013,9,1190254,1
2013,9,978751,0
2013,9,1190229,1
2013,9,1190225,1
2013,9,978702,0
2013,9,1190215,1
2013,9,1190208,1
2013,9,421008,0
2013,9,420965,0
2013,9,420950,0
2013,9,416590,0
2013,9,420680,0
2013,9,420667,0
2013,9,416568,1
2013,9,1190181,1
2013,9,1190178,1
2013,9,980809,0
2013,9,416547,0
2013,9,1101131,0
2013,9,994196,0
2013,9,1106665,0
2013,9,406852,0
2013,9,998907,0
2013,9,1038125,0
2013,9,950590,0
2013,9,401916,0
2013,9,321107,0
2013,9,321612,0
2013,9,392313,0
2013,9,322312,0
2013,9,322429,0
2013,9,322615,0
2013,9,322623,0
2013,9,323004,0
2013,9,323278,0
2013,9,323457,0
2013,9,323681,0
2013,9,323742,1
2013,9,323803,1
2013,9,324110,1
2013,9,324111,0
2013,9,324465,0
2013,9,324474,0
2013,9,324670,0
2013,9,325243,0
2013,9,325318,0
2013,9,325472,0
2013,9,325538,0
2013,9,325539,0
2013,9,325634,0
2013,9,325676,0
2013,9,325694,0
2013,9,325739,1
2013,9,325929,0
2013,9,326148,0
2013,9,326196,0
2013,9,326429,1
2013,9,326499,0
2013,9,326515,0
2013,9,326822,0
2013,9,327044,0
2013,9,327173,0
2013,9,327181,0
2013,9,327214,0
2013,9,327416,0
2013,9,327516,0
2013,9,327696,0
2013,9,327903,0
2013,9,328370,0
2013,9,328889,0
2013,9,328932,0
2013,9,329277,1
2013,9,329321,1
2013,9,330121,0
2013,9,330130,0
2013,9,330295,0
2013,9,330308,0
2013,9,330330,0
2013,9,330516,0
2013,9,330617,0
2013,9,330665,0
2013,9,330965,0
2013,9,330990,0
2013,9,307009,0
2013,9,307182,0
2013,9,307629,0
2013,9,307894,0
2013,9,308213,0
2013,9,308281,0
2013,9,308294,0
2013,9,308333,0
2013,9,308350,0
2013,9,35,0
2013,9,309228,0
2013,9,309247,0
2013,9,309272,0
2013,9,309275,0
2013,9,309338,0
2013,9,309354,0
2013,9,309429,0
2013,9,309497,0
2013,9,309712,0
2013,9,309816,0
2013,9,309880,0
2013,9,310550,0
2013,9,310598,1
2013,9,310646,0
2013,9,310806,1
2013,9,310811,0
2013,9,310812,0
2013,9,310820,0
2013,9,311137,1
2013,9,311188,0
2013,9,311902,0
2013,9,311963,0
2013,9,312308,0
2013,9,312436,0
2013,9,312472,0
2013,9,312636,0
2013,9,312769,0
2013,9,312805,0
2013,9,314012,0
2013,9,314057,1
2013,9,314353,0
2013,9,314377,0
2013,9,314486,0
2013,9,314741,1
2013,9,315210,0
2013,9,315447,0
2013,9,315532,0
2013,9,316214,0
2013,9,316342,0
2013,9,316343,0
2013,9,316671,0
2013,9,316712,0
2013,9,316743,0
2013,9,316779,1
2013,9,316961,0
2013,9,316968,0
2013,9,317492,1
2013,9,317517,1
2013,9,317721,0
2013,9,317741,0
2013,9,317894,0
2013,9,318114,0
2013,9,318244,0
2013,9,318404,0
2013,9,318503,0
2013,9,318690,0
2013,9,319140,0
2013,9,319338,0
2013,9,319376,0
2013,9,319440,0
2013,9,319556,0
2013,9,320049,0
2013,9,320174,0
2013,9,320236,0
2013,9,320299,0
2013,9,320316,0
2013,9,320399,0
2013,9,320548,0
2013,9,320619,0
2013,9,320642,1
2013,9,320649,0
2013,9,320817,0
2013,9,320823,0
2013,9,320899,0
2013,9,320970,1
2013,9,320975,0
2013,9,305030,0
2013,9,305177,1
2013,9,407332,0
2013,9,1038044,0
2013,9,381849,0
2013,9,335674,1
2013,9,335796,0
2013,9,336142,0
2013,9,336386,0
2013,9,336470,0
2013,9,336512,0
2013,9,336568,0
2013,9,336615,0
2013,9,336673,0
2013,9,336697,0
2013,9,336820,0
2013,9,336882,0
2013,9,337141,0
2013,9,337172,0
2013,9,337245,0
2013,9,337263,0
2013,9,337266,0
2013,9,338724,0
2013,9,339557,0
2013,9,339612,0
2013,9,339617,0
2013,9,339668,0
2013,9,339705,1
2013,9,339795,0
2013,9,340413,0
2013,9,340515,0
2013,9,340669,0
2013,9,340680,0
2013,9,340772,0
2013,9,340799,0
2013,9,340959,0
2013,9,340978,0
2013,9,341207,0
2013,9,341628,1
2013,9,341764,0
2013,9,341768,0
2013,9,341792,0
2013,9,342048,0
2013,9,342201,0
2013,9,342688,0
2013,9,342724,0
2013,9,343095,0
2013,9,343173,0
2013,9,343220,1
2013,9,343327,0
2013,9,343427,0
2013,9,343609,0
2013,9,343694,0
2013,9,344066,0
2013,9,344209,0
2013,9,344659,0
2013,9,345123,0
2013,9,345138,0
2013,9,345196,0
2013,9,345232,0
2013,9,345272,0
2013,9,345389,0
2013,9,345446,0
2013,9,346483,0
2013,9,347552,0
2013,9,347563,0
2013,9,347712,0
2013,9,347926,0
2013,9,348078,0
2013,9,348099,0
2013,9,348100,0
2013,9,348252,0
2013,9,349084,0
2013,9,349449,1
2013,9,349464,0
2013,9,349508,0
2013,9,349850,0
2013,9,349891,0
2013,9,350130,0
2013,9,350645,0
2013,9,350951,1
2013,9,351358,0
2013,9,351360,0
2013,9,351527,1
2013,9,351575,0
2013,9,352394,0
2013,9,352445,0
2013,9,352556,0
2013,9,352568,0
2013,9,352604,0
2013,9,352665,0
2013,9,352684,0
2013,9,352703,0
2013,9,352708,0
2013,9,352727,0
2013,9,353025,0
2013,9,353161,0
2013,9,353190,0
2013,9,926984,0
2013,9,417088,0
2013,9,1107056,0
2013,9,989196,0
2013,9,941329,1
2013,9,417289,0
2013,9,33034,0
2013,9,439323,0
2013,9,339381,0
2013,9,1195194,0
2013,9,926784,0
2013,9,933637,0
2013,9,408024,0
2013,9,1151068,0
2013,9,368553,0
2013,9,303084,0
2013,9,926972,0
2013,9,1037865,0
2013,9,3360,0
2013,9,364956,0
2013,9,941814,0
2013,9,319002,0
2013,9,306351,0
2013,9,1128505,0
2013,9,310897,0
2013,9,408272,0
2013,9,415763,0
2013,9,406850,0
2013,9,303443,0
2013,9,942946,0
2013,9,8271,0
2013,9,440799,0
2013,9,1150748,0
2013,9,399484,0
2013,9,143465,0
2013,9,97843,0
2013,9,203694,0
2013,9,11605,0
2013,9,394313,0
2013,9,1189489,0
2013,9,337180,0
2013,9,448274,0
2013,9,6396,0
2013,9,417543,0
2013,9,92473,0
2013,9,40348,1
2013,9,42227,0
2013,9,28347,0
2013,9,312600,0
2013,9,2305,0
2013,9,379029,0
2013,9,3217,0
2013,9,1149729,0
2013,9,374747,0
2013,9,104355,0
2013,9,37840,0
2013,9,928579,0
2013,9,341594,0
2013,9,1589,0
2013,9,415728,0
2013,9,208007,0
2013,9,408160,0
2013,9,299935,1
2013,9,366920,0
2013,9,5991,0
2013,9,306310,0
2013,9,1161531,0
2013,9,1150093,0
2013,9,391450,0
2013,9,18548,0
2013,9,254607,0
2013,9,44963,0
2013,9,402527,0
2013,9,427226,0
2013,9,431323,0
2013,9,390165,0
2013,9,941510,0
2013,9,934719,0
2013,9,942438,0
2013,9,408525,0
2013,9,311696,0
2013,9,351990,0
2013,9,941983,0
2013,9,310101,0
2013,9,83599,0
2013,9,996949,0
2013,9,88025,0
2013,9,30101,0
2013,9,407873,0
2013,9,328764,0
2013,9,1172844,0
2013,9,306763,1
2013,9,332472,0
2013,9,985733,0
2013,9,1033572,0
2013,9,1147803,0
2013,9,1106766,0
2013,9,55608,0
2013,9,1037704,0
2013,9,305990,0
2013,9,333135,0
2013,9,379870,0
2013,9,1106667,1
2013,9,356477,0
2013,9,1106374,0
2013,9,38367,0
2013,9,400536,0
2013,9,321579,0
2013,9,36440,0
2013,9,25427,0
2013,9,349126,0
2013,9,350023,0
2013,9,411478,0
2013,9,925346,0
2013,9,28829,0
2013,9,85456,0
2013,9,407033,0
2013,9,1149594,0
2013,9,424436,0
2013,9,96220,0
2013,9,308852,0
2013,9,313710,1
2013,9,399722,0
2013,9,1106720,0
2013,9,362470,0
2013,9,376250,0
2013,9,941625,0
2013,9,17309,0
2013,9,438572,0
2013,9,3680,0
2013,9,343998,0
2013,9,315221,0
2013,9,329666,0
2013,9,400663,0
2013,9,438417,0
2013,9,349582,0
2013,9,279107,0
2013,9,104623,0
2013,9,380289,0
2013,9,930257,0
2013,9,395106,0
2013,9,321133,0
2013,9,112018,0
2013,9,1726,0
2013,9,57425,0
2013,9,302446,0
2013,9,325789,0
2013,9,171949,0
2013,9,400220,0
2013,9,990313,0
2013,9,386370,0
2013,9,424549,0
2013,9,404637,1
2013,9,408420,0
2013,9,993894,0
2013,9,322863,0
2013,9,1032069,0
2013,9,404759,0
2013,9,1107610,0
2013,9,354673,0
2013,9,438607,0
2013,9,32967,0
2013,9,80182,0
2013,9,375147,0
2013,9,335419,0
2013,9,407550,0
2013,9,433549,0
2013,9,38723,0
2013,9,357139,0
2013,9,1099379,0
2013,9,368992,0
2013,9,17918,0
2013,9,205220,0
2013,9,136454,0
2013,9,1168437,0
2013,9,175997,0
2013,9,400492,0
2013,9,949670,0
2013,9,423864,0
2013,9,360371,0
2013,9,362562,0
2013,9,302634,0
2013,9,350985,0
2013,9,105260,0
2013,9,170212,0
2013,9,386640,0
2013,9,303406,0
2013,9,171633,0
2013,9,289342,0
2013,9,1031641,0
2013,9,350261,0
2013,9,1744,1
2013,9,376650,0
2013,9,1038137,0
2013,9,1105471,0
2013,9,105574,0
2013,9,206760,0
2013,9,941526,0
2013,9,359068,1
2013,9,156066,1
2013,9,944018,0
2013,9,935183,0
2013,9,1123688,0
2013,9,407981,0
2013,9,185633,0
2013,9,167794,0
2013,9,268805,0
2013,9,367616,0
2013,9,213397,0
2013,9,1151253,0
2013,9,1149959,0
2013,9,440845,0
2013,9,422905,0
2013,9,90627,0
2013,9,114719,0
2013,9,98480,0
2013,9,332339,0
2013,9,99585,0
2013,9,111313,0
2013,9,408451,0
2013,9,323313,0
2013,9,350199,0
2013,9,134306,0
2013,9,335222,1
2013,9,299691,0
2013,9,1039474,1
2013,9,401480,0
2013,9,204235,0
2013,9,376947,0
2013,9,334223,0
2013,9,92716,0
2013,9,17105,0
2013,9,941486,0
2013,9,1151006,0
2013,9,1106775,0
2013,9,947985,0
2013,9,391846,0
2013,9,279085,1
2013,9,46466,0
2013,9,407917,0
2013,9,346823,0
2013,9,105678,0
2013,9,323735,0
2013,9,3324,0
2013,9,925834,0
2013,9,104854,0
2013,9,112875,0
2013,9,325572,0
2013,9,302855,0
2013,9,80614,0
2013,9,399876,0
2013,9,941611,0
2013,9,7246,0
2013,9,299761,0
2013,9,389111,0
2013,9,404626,0
2013,9,364689,0
2013,9,1037864,0
2013,9,1038164,0
2013,9,356458,0
2013,9,941414,0
2013,9,142886,0
2013,9,337326,0
2013,9,1037611,0
2013,9,339777,0
2013,9,299984,0
2013,9,213437,0
2013,9,306907,0
2013,9,445135,0
2013,9,15301,0
2013,9,198021,0
2013,9,64803,0
2013,9,5666,0
2013,9,355778,0
2013,9,25726,0
2013,9,414761,0
2013,9,306198,0
2013,9,86502,0
2013,9,301185,0
2013,9,302394,0
2013,9,322924,0
2013,9,8808,0
2013,9,11272,1
2013,9,315594,0
2013,9,934980,0
2013,9,19957,0
2013,9,926707,0
2013,9,302665,0
2013,9,375436,0
2013,9,319683,0
2013,9,1168129,0
2013,9,115039,0
2013,9,348864,0
2013,9,332586,0
2013,9,438887,0
2013,9,306493,0
2013,9,299941,0
2013,9,114923,0
2013,9,408292,0
2013,9,941377,1
2013,9,408244,0
2013,9,1123234,0
2013,9,372771,0
2013,9,420839,0
2013,9,398876,0
2013,9,430952,0
2013,9,306213,0
2013,9,302740,0
2013,9,1037826,1
2013,9,289157,0
2013,9,309533,0
2013,9,37878,0
2013,9,302872,0
2013,9,27503,0
2013,9,215971,0
2013,9,28560,0
2013,9,209059,0
2013,9,39532,0
2013,9,1106656,0
2013,9,928307,0
2013,9,351924,0
2013,9,7644,0
2013,9,1128321,0
2013,9,1037423,0
2013,9,15092,0
2013,9,432914,0
2013,9,332767,0
2013,9,133547,0
2013,9,366473,0
2013,9,444417,0
2013,9,205178,0
2013,9,30835,0
2013,9,18793,0
2013,9,56609,0
2013,9,367390,0
2013,9,308150,0
2013,9,327563,0
2013,9,268798,0
2013,9,102531,0
2013,9,182981,0
2013,9,210774,0
2013,9,125149,0
2013,9,136682,0
2013,9,317350,0
2013,9,407148,0
2013,9,311992,0
2013,9,205209,0
2013,9,362686,0
2013,9,29942,0
2013,9,319890,0
2013,9,168282,0
2013,9,344041,0
2013,9,33482,0
2013,9,1100536,0
2013,9,1179970,0
2013,9,440569,0
2013,9,303304,0
2013,9,1037634,0
2013,9,57236,0
2013,9,353092,0
2013,9,5088,0
2013,9,6420,0
2013,9,451159,0
2013,9,164477,0
2013,9,400671,0
2013,9,175796,0
2013,9,2140,0
2013,9,208000,0
2013,9,1038095,0
2013,9,373964,0
2013,9,180411,0
2013,9,408398,0
2013,9,322572,0
2013,9,941423,0
2013,9,365180,0
2013,9,306560,0
2013,9,997010,0
2013,9,208459,0
2013,9,303470,0
2013,9,360887,0
2013,9,995373,0
2013,9,345966,0
2013,9,106111,0
2013,9,109381,0
2013,9,941652,0
2013,9,353033,0
2013,9,1150398,0
2013,9,407538,0
2013,9,4204,0
2013,9,373144,0
2013,9,85644,0
2013,9,944081,0
2013,9,306844,0
2013,9,941270,0
2013,9,333150,0
2013,9,104236,0
2013,9,403895,0
2013,9,98968,0
2013,9,1150167,1
2013,9,299766,0
2013,9,927071,0
2013,9,322241,0
